"Id","Path","Slice Name","Alias(s)","Label","Min","Max","Must Support?","Is Modifier?","Is Summary?","Type(s)","Short","Definition","Comments","Requirements","Default Value","Meaning When Missing","Fixed Value","Pattern","Example","Minimum Value","Maximum Value","Maximum Length","Binding Strength","Binding Description","Binding Value Set","Code","Slicing Discriminator","Slicing Description","Slicing Ordered","Slicing Rules","Base Path","Base Min","Base Max","Condition(s)","Constraint(s)"
"Emploi","Emploi","","","",0,*,"","","","null {[]} {[]}
","L'emploi définit l'exercice d'une profession dans le cadre d'une activité rémunérée. Il est alors régi par un contrat signé entre un employeur et un employé.","L'emploi définit l'exercice d'une profession dans le cadre d'une activité rémunérée. Il est alors régi par un contrat signé entre un employeur et un employé.","","","","","","","","","",,,,,"",,,,"Base",0,*,"",""
"Emploi.libelleEmploi","Emploi.libelleEmploi","","","",0,1,"","","","string {[]} {[]}
","Libellé de l'emploi.","Libellé de l'emploi.","","","","","","","","","",,,,,"",,,,"Emploi.libelleEmploi",0,1,"",""
"Emploi.dateDebutEmploi","Emploi.dateDebutEmploi","","","",0,1,"","","","date {[]} {[]}
","Date de début de l'emploi.","Date de début de l'emploi.","","","","","","","","","",,,,,"",,,,"Emploi.dateDebutEmploi",0,1,"",""
"Emploi.dateFinEmploi","Emploi.dateFinEmploi","","","",0,1,"","","","date {[]} {[]}
","Date de fin de l'emploi.","Date de fin de l'emploi.","","","","","","","","","",,,,,"",,,,"Emploi.dateFinEmploi",0,1,"",""
"Emploi.emploiRemunere","Emploi.emploiRemunere","","","",0,1,"","","","boolean {[]} {[]}
","Indique que l’emploi est rémunéré ou non.","Indique que l’emploi est rémunéré ou non.","","","","","","","","","",,,,,"",,,,"Emploi.emploiRemunere",0,1,"",""
"Emploi.emploiAdapteHandicape","Emploi.emploiAdapteHandicape","","","",0,1,"","","","boolean {[]} {[]}
","Indique que l’emploi est adapté à la personne en situation de handicap ou non.","Indique que l’emploi est adapté à la personne en situation de handicap ou non.","","","","","","","","","",,,,,"",,,,"Emploi.emploiAdapteHandicape",0,1,"",""
