"Id","Path","Slice Name","Alias(s)","Label","Min","Max","Must Support?","Is Modifier?","Is Summary?","Type(s)","Short","Definition","Comments","Requirements","Default Value","Meaning When Missing","Fixed Value","Pattern","Example","Minimum Value","Maximum Value","Maximum Length","Binding Strength","Binding Description","Binding Value Set","Code","Slicing Discriminator","Slicing Description","Slicing Ordered","Slicing Rules","Base Path","Base Min","Base Max","Condition(s)","Constraint(s)"
"AidantDemarche","AidantDemarche","","","",0,*,"","","","null {[]} {[]}
","Personne physique ou morale aidant l'individu dans ses démarches.","Personne physique ou morale aidant l'individu dans ses démarches.","","","","","","","","","",,,,,"",,,,"Base",0,*,"",""
"AidantDemarche.typeAidantDemarche","AidantDemarche.typeAidantDemarche","","","",0,1,"","","","Coding {[]} {[]}
","Type d'aidant dans la démarche réalisée.Création nomenclature en cours.","Type d'aidant dans la démarche réalisée.Création nomenclature en cours.","","","","","","","","","",,,,,"",,,,"AidantDemarche.typeAidantDemarche",0,1,"",""
"AidantDemarche.aidantDemarche","AidantDemarche.aidantDemarche","","","",0,1,"","","","https://interop.esante.gouv.fr/ig/mos/StructureDefinition/PersonnePhysique {[]} {[]}
","Personne physique aidant la personne prise en charge à réaliser ses démarches.","Personne physique aidant la personne prise en charge à réaliser ses démarches.","","","","","","","","","",,,,,"",,,,"AidantDemarche.aidantDemarche",0,1,"",""
"AidantDemarche.adresseAidantDemarche","AidantDemarche.adresseAidantDemarche","","","",0,1,"","","","https://interop.esante.gouv.fr/ig/mos/StructureDefinition/Adresse {[]} {[]}
","Adresse(s) de correspondance de l'aidant.","Adresse(s) de correspondance de l'aidant.","","","","","","","","","",,,,,"",,,,"AidantDemarche.adresseAidantDemarche",0,1,"",""
"AidantDemarche.telecommunicationAidantDemarche","AidantDemarche.telecommunicationAidantDemarche","","","",0,*,"","","","https://interop.esante.gouv.fr/ig/mos/StructureDefinition/Telecommunication {[]} {[]}
","Adresse(s) de télécommunication (numéro de téléphone, adresse email, URL, etc.) de l'aidant.","Adresse(s) de télécommunication (numéro de téléphone, adresse email, URL, etc.) de l'aidant.","","","","","","","","","",,,,,"",,,,"AidantDemarche.telecommunicationAidantDemarche",0,*,"",""
