{
  "resourceType" : "ValueSet",
  "id" : "professionCategorieSocioProfessionnelle-vs",
  "text" : {
    "status" : "generated",
    "div" : "<div xmlns=\"http://www.w3.org/1999/xhtml\"><p class=\"res-header-id\"><b>Narratif généré : EnsembleValeurs professionCategorieSocioProfessionnelle-vs</b></p><a name=\"professionCategorieSocioProfessionnelle-vs\"> </a><a name=\"hcprofessionCategorieSocioProfessionnelle-vs\"> </a><p>Ce jeu de valeur (ValueSet) inclut les codes selon les règles suivantes :</p><ul><li>Inclut tous les codes définis dans <a href=\"https://interop.esante.gouv.fr/terminologies/1.1.0/CodeSystem-TRE-R262-CategorieSocioProfessionnelle.html\"><code>https://mos.esante.gouv.fr/NOS/TRE_R262-CategorieSocioProfessionnelle/FHIR/TRE-R262-CategorieSocioProfessionnelle</code></a></li><li>Inclut tous les codes définis dans <a href=\"https://interop.esante.gouv.fr/terminologies/1.1.0/CodeSystem-TRE-R292-INSEECategorieSocioProfessionnelleAgrNiv1.html\"><code>https://mos.esante.gouv.fr/NOS/TRE_R292-INSEECategorieSocioProfessionnelleAgrNiv1/FHIR/TRE-R292-INSEECategorieSocioProfessionnelleAgrNiv1</code></a></li></ul></div>"
  },
  "url" : "https://interop.esante.gouv.fr/ig/mos/ValueSet/professionCategorieSocioProfessionnelle-vs",
  "version" : "0.1.0",
  "name" : "ProfessioncategoriesocioprofessionnelleVs",
  "status" : "draft",
  "date" : "2025-08-04T15:47:31+00:00",
  "publisher" : "Agence du Numérique en Santé (ANS) - 2-10 Rue d'Oradour-sur-Glane, 75015 Paris",
  "contact" : [{
    "name" : "Agence du Numérique en Santé (ANS) - 2-10 Rue d'Oradour-sur-Glane, 75015 Paris",
    "telecom" : [{
      "system" : "url",
      "value" : "https://esante.gouv.fr"
    }]
  }],
  "jurisdiction" : [{
    "coding" : [{
      "system" : "urn:iso:std:iso:3166",
      "code" : "FR",
      "display" : "FRANCE"
    }]
  }],
  "compose" : {
    "include" : [{
      "system" : "https://mos.esante.gouv.fr/NOS/TRE_R262-CategorieSocioProfessionnelle/FHIR/TRE-R262-CategorieSocioProfessionnelle"
    },
    {
      "system" : "https://mos.esante.gouv.fr/NOS/TRE_R292-INSEECategorieSocioProfessionnelleAgrNiv1/FHIR/TRE-R292-INSEECategorieSocioProfessionnelleAgrNiv1"
    }]
  }
}