<?xml version="1.0" encoding="UTF-8"?>

<ValueSet xmlns="http://hl7.org/fhir">
  <id value="paysNationalite-vs"/>
  <text>
    <status value="generated"/><div xmlns="http://www.w3.org/1999/xhtml"><p class="res-header-id"><b>Narratif généré : EnsembleValeurs paysNationalite-vs</b></p><a name="paysNationalite-vs"> </a><a name="hcpaysNationalite-vs"> </a><p>Ce jeu de valeur (ValueSet) inclut les codes selon les règles suivantes :</p><ul><li>Inclut tous les codes définis dans <a href="https://interop.esante.gouv.fr/terminologies/1.1.0/CodeSystem-TRE-R20-Pays.html"><code>https://mos.esante.gouv.fr/NOS/TRE_R20-Pays/FHIR/TRE-R20-Pays</code></a></li><li>Inclut tous les codes définis dans <a href="https://interop.esante.gouv.fr/terminologies/1.1.0/CodeSystem-TRE-R268-PaysProvenanceISO.html"><code>https://mos.esante.gouv.fr/NOS/TRE_R268-PaysProvenanceISO/FHIR/TRE-R268-PaysProvenanceISO</code></a></li><li>Inclut tous les codes définis dans <a href="https://interop.esante.gouv.fr/terminologies/1.1.0/CodeSystem-TRE-R89-RegroupementPays.html"><code>https://mos.esante.gouv.fr/NOS/TRE_R89-RegroupementPays/FHIR/TRE-R89-RegroupementPays</code></a></li></ul></div>
  </text>
  <url value="https://interop.esante.gouv.fr/ig/mos/ValueSet/paysNationalite-vs"/>
  <version value="0.1.0"/>
  <name value="PaysnationaliteVs"/>
  <status value="draft"/>
  <date value="2025-07-29T07:47:20+00:00"/>
  <publisher value="Agence du Numérique en Santé (ANS) - 2-10 Rue d'Oradour-sur-Glane, 75015 Paris"/>
  <contact>
    <name value="Agence du Numérique en Santé (ANS) - 2-10 Rue d'Oradour-sur-Glane, 75015 Paris"/>
    <telecom>
      <system value="url"/>
      <value value="https://esante.gouv.fr"/>
    </telecom>
  </contact>
  <jurisdiction>
    <coding>
      <system value="urn:iso:std:iso:3166"/>
      <code value="FR"/>
      <display value="FRANCE"/>
    </coding>
  </jurisdiction>
  <compose>
    <include>
      <system value="https://mos.esante.gouv.fr/NOS/TRE_R20-Pays/FHIR/TRE-R20-Pays"/>
    </include>
    <include>
      <system value="https://mos.esante.gouv.fr/NOS/TRE_R268-PaysProvenanceISO/FHIR/TRE-R268-PaysProvenanceISO"/>
    </include>
    <include>
      <system value="https://mos.esante.gouv.fr/NOS/TRE_R89-RegroupementPays/FHIR/TRE-R89-RegroupementPays"/>
    </include>
  </compose>
</ValueSet>