<?xml version="1.0" encoding="UTF-8"?>

<ValueSet xmlns="http://hl7.org/fhir">
  <id value="typeRole-vs"/>
  <text>
    <status value="generated"/><div xmlns="http://www.w3.org/1999/xhtml"><p class="res-header-id"><b>Narratif généré : EnsembleValeurs typeRole-vs</b></p><a name="typeRole-vs"> </a><a name="hctypeRole-vs"> </a><p>Ce jeu de valeur (ValueSet) inclut les codes selon les règles suivantes :</p><ul><li>Inclut tous les codes définis dans <a href="https://interop.esante.gouv.fr/terminologies/1.1.0/CodeSystem-TRE-R289-TypeFonction.html"><code>https://mos.esante.gouv.fr/NOS/TRE_R289-TypeFonction/FHIR/TRE-R289-TypeFonction</code></a></li><li>Inclut tous les codes définis dans <a href="https://interop.esante.gouv.fr/terminologies/1.1.0/CodeSystem-TRE-R37-TypeProfessionFonction.html"><code>https://mos.esante.gouv.fr/NOS/TRE_R37-TypeProfessionFonction/FHIR/TRE-R37-TypeProfessionFonction</code></a></li></ul></div>
  </text>
  <url value="https://interop.esante.gouv.fr/ig/fhir/mos/ValueSet/typeRole-vs"/>
  <version value="0.1.0"/>
  <name value="TyperoleVs"/>
  <status value="draft"/>
  <date value="2025-07-28T13:16:41+00:00"/>
  <publisher value="Agence du Numérique en Santé (ANS) - 2-10 Rue d'Oradour-sur-Glane, 75015 Paris"/>
  <contact>
    <name value="Agence du Numérique en Santé (ANS) - 2-10 Rue d'Oradour-sur-Glane, 75015 Paris"/>
    <telecom>
      <system value="url"/>
      <value value="https://esante.gouv.fr"/>
    </telecom>
  </contact>
  <jurisdiction>
    <coding>
      <system value="urn:iso:std:iso:3166"/>
      <code value="FR"/>
      <display value="FRANCE"/>
    </coding>
  </jurisdiction>
  <compose>
    <include>
      <system value="https://mos.esante.gouv.fr/NOS/TRE_R289-TypeFonction/FHIR/TRE-R289-TypeFonction"/>
    </include>
    <include>
      <system value="https://mos.esante.gouv.fr/NOS/TRE_R37-TypeProfessionFonction/FHIR/TRE-R37-TypeProfessionFonction"/>
    </include>
  </compose>
</ValueSet>