<?xml version="1.0" encoding="UTF-8"?>

<ImplementationGuide xmlns="http://hl7.org/fhir">
  <id value="ans.fr.mos"/>
  <text>
    <status value="generated"/><div xmlns="http://www.w3.org/1999/xhtml"><p class="res-header-id"><b>Narratif généré : ImplementationGuide ans.fr.mos</b></p><a name="ans.fr.mos"> </a><a name="hcans.fr.mos"> </a><h2>MOS</h2><p>LURL officielle pour ce guide dimplémentation est : </p><pre>https://interop.esante.gouv.fr/ig/mos/ImplementationGuide/ans.fr.mos</pre></div>
  </text>
  <url value="https://interop.esante.gouv.fr/ig/mos/ImplementationGuide/ans.fr.mos"/>
  <version value="0.1.0"/>
  <name value="MOS"/>
  <title value="Modèle des Objets de Santé (MOS)"/>
  <status value="draft"/>
  <date value="2025-12-03T08:56:12+00:00"/>
  <publisher value="Agence du Numérique en Santé (ANS) - 2-10 Rue d'Oradour-sur-Glane, 75015 Paris"/>
  <contact>
    <name value="Agence du Numérique en Santé (ANS) - 2-10 Rue d'Oradour-sur-Glane, 75015 Paris"/>
    <telecom>
      <system value="url"/>
      <value value="https://esante.gouv.fr"/>
    </telecom>
  </contact>
  <jurisdiction>
    <coding>
      <system value="urn:iso:std:iso:3166"/>
      <code value="FR"/>
      <display value="FRANCE"/>
    </coding>
  </jurisdiction>
  <packageId value="ans.fr.mos"/>
  <license value="CC0-1.0"/>
  <fhirVersion value="4.0.1"/>
  <dependsOn id="hl7tx">
    <extension url="http://hl7.org/fhir/tools/StructureDefinition/implementationguide-dependency-comment">
      <valueMarkdown value="Automatically added as a dependency - all IGs depend on HL7 Terminology"/>
    </extension>
    <uri value="http://terminology.hl7.org/ImplementationGuide/hl7.terminology"/>
    <packageId value="hl7.terminology.r4"/>
    <version value="7.0.0"/>
  </dependsOn>
  <dependsOn id="hl7ext">
    <extension url="http://hl7.org/fhir/tools/StructureDefinition/implementationguide-dependency-comment">
      <valueMarkdown value="Automatically added as a dependency - all IGs depend on the HL7 Extension Pack"/>
    </extension>
    <uri value="http://hl7.org/fhir/extensions/ImplementationGuide/hl7.fhir.uv.extensions"/>
    <packageId value="hl7.fhir.uv.extensions.r4"/>
    <version value="5.2.0"/>
  </dependsOn>
  <dependsOn id="ans_fr_terminologies">
    <uri value="https://interop.esante.gouv.fr/terminologies/ImplementationGuide/ans.fr.terminologies"/>
    <packageId value="ans.fr.terminologies"/>
    <version value="1.1.0"/>
  </dependsOn>
  <definition>
    <extension url="http://hl7.org/fhir/tools/StructureDefinition/ig-parameter">
      <extension url="code">
        <valueString value="copyrightyear"/>
      </extension>
      <extension url="value">
        <valueString value="2020+"/>
      </extension>
    </extension>
    <extension url="http://hl7.org/fhir/tools/StructureDefinition/ig-parameter">
      <extension url="code">
        <valueString value="releaselabel"/>
      </extension>
      <extension url="value">
        <valueString value="ci-build"/>
      </extension>
    </extension>
    <extension url="http://hl7.org/fhir/tools/StructureDefinition/ig-parameter">
      <extension url="code">
        <valueString value="shownav"/>
      </extension>
      <extension url="value">
        <valueString value="true"/>
      </extension>
    </extension>
    <extension url="http://hl7.org/fhir/tools/StructureDefinition/ig-parameter">
      <extension url="code">
        <valueString value="i18n-default-lang"/>
      </extension>
      <extension url="value">
        <valueString value="fr-FR"/>
      </extension>
    </extension>
    <extension url="http://hl7.org/fhir/tools/StructureDefinition/ig-parameter">
      <extension url="code">
        <valueString value="autoload-resources"/>
      </extension>
      <extension url="value">
        <valueString value="true"/>
      </extension>
    </extension>
    <extension url="http://hl7.org/fhir/tools/StructureDefinition/ig-parameter">
      <extension url="code">
        <valueString value="path-liquid"/>
      </extension>
      <extension url="value">
        <valueString value="template/liquid"/>
      </extension>
    </extension>
    <extension url="http://hl7.org/fhir/tools/StructureDefinition/ig-parameter">
      <extension url="code">
        <valueString value="path-liquid"/>
      </extension>
      <extension url="value">
        <valueString value="input/liquid"/>
      </extension>
    </extension>
    <extension url="http://hl7.org/fhir/tools/StructureDefinition/ig-parameter">
      <extension url="code">
        <valueString value="path-qa"/>
      </extension>
      <extension url="value">
        <valueString value="temp/qa"/>
      </extension>
    </extension>
    <extension url="http://hl7.org/fhir/tools/StructureDefinition/ig-parameter">
      <extension url="code">
        <valueString value="path-temp"/>
      </extension>
      <extension url="value">
        <valueString value="temp/pages"/>
      </extension>
    </extension>
    <extension url="http://hl7.org/fhir/tools/StructureDefinition/ig-parameter">
      <extension url="code">
        <valueString value="path-output"/>
      </extension>
      <extension url="value">
        <valueString value="output"/>
      </extension>
    </extension>
    <extension url="http://hl7.org/fhir/tools/StructureDefinition/ig-parameter">
      <extension url="code">
        <valueString value="path-suppressed-warnings"/>
      </extension>
      <extension url="value">
        <valueString value="input/ignoreWarnings.txt"/>
      </extension>
    </extension>
    <extension url="http://hl7.org/fhir/tools/StructureDefinition/ig-parameter">
      <extension url="code">
        <valueString value="path-history"/>
      </extension>
      <extension url="value">
        <valueString value="https://interop.esante.gouv.fr/ig/mos/history.html"/>
      </extension>
    </extension>
    <extension url="http://hl7.org/fhir/tools/StructureDefinition/ig-parameter">
      <extension url="code">
        <valueString value="template-html"/>
      </extension>
      <extension url="value">
        <valueString value="template-page.html"/>
      </extension>
    </extension>
    <extension url="http://hl7.org/fhir/tools/StructureDefinition/ig-parameter">
      <extension url="code">
        <valueString value="template-md"/>
      </extension>
      <extension url="value">
        <valueString value="template-page-md.html"/>
      </extension>
    </extension>
    <extension url="http://hl7.org/fhir/tools/StructureDefinition/ig-parameter">
      <extension url="code">
        <valueString value="apply-contact"/>
      </extension>
      <extension url="value">
        <valueString value="true"/>
      </extension>
    </extension>
    <extension url="http://hl7.org/fhir/tools/StructureDefinition/ig-parameter">
      <extension url="code">
        <valueString value="apply-context"/>
      </extension>
      <extension url="value">
        <valueString value="true"/>
      </extension>
    </extension>
    <extension url="http://hl7.org/fhir/tools/StructureDefinition/ig-parameter">
      <extension url="code">
        <valueString value="apply-copyright"/>
      </extension>
      <extension url="value">
        <valueString value="true"/>
      </extension>
    </extension>
    <extension url="http://hl7.org/fhir/tools/StructureDefinition/ig-parameter">
      <extension url="code">
        <valueString value="apply-jurisdiction"/>
      </extension>
      <extension url="value">
        <valueString value="true"/>
      </extension>
    </extension>
    <extension url="http://hl7.org/fhir/tools/StructureDefinition/ig-parameter">
      <extension url="code">
        <valueString value="apply-license"/>
      </extension>
      <extension url="value">
        <valueString value="true"/>
      </extension>
    </extension>
    <extension url="http://hl7.org/fhir/tools/StructureDefinition/ig-parameter">
      <extension url="code">
        <valueString value="apply-publisher"/>
      </extension>
      <extension url="value">
        <valueString value="true"/>
      </extension>
    </extension>
    <extension url="http://hl7.org/fhir/tools/StructureDefinition/ig-parameter">
      <extension url="code">
        <valueString value="apply-version"/>
      </extension>
      <extension url="value">
        <valueString value="true"/>
      </extension>
    </extension>
    <extension url="http://hl7.org/fhir/tools/StructureDefinition/ig-parameter">
      <extension url="code">
        <valueString value="apply-wg"/>
      </extension>
      <extension url="value">
        <valueString value="true"/>
      </extension>
    </extension>
    <extension url="http://hl7.org/fhir/tools/StructureDefinition/ig-parameter">
      <extension url="code">
        <valueString value="active-tables"/>
      </extension>
      <extension url="value">
        <valueString value="true"/>
      </extension>
    </extension>
    <extension url="http://hl7.org/fhir/tools/StructureDefinition/ig-parameter">
      <extension url="code">
        <valueString value="fmm-definition"/>
      </extension>
      <extension url="value">
        <valueString value="http://hl7.org/fhir/versions.html#maturity"/>
      </extension>
    </extension>
    <extension url="http://hl7.org/fhir/tools/StructureDefinition/ig-parameter">
      <extension url="code">
        <valueString value="propagate-status"/>
      </extension>
      <extension url="value">
        <valueString value="true"/>
      </extension>
    </extension>
    <extension url="http://hl7.org/fhir/tools/StructureDefinition/ig-parameter">
      <extension url="code">
        <valueString value="excludelogbinaryformat"/>
      </extension>
      <extension url="value">
        <valueString value="true"/>
      </extension>
    </extension>
    <extension url="http://hl7.org/fhir/tools/StructureDefinition/ig-parameter">
      <extension url="code">
        <valueString value="tabbed-snapshots"/>
      </extension>
      <extension url="value">
        <valueString value="true"/>
      </extension>
    </extension>
    <extension url="http://hl7.org/fhir/tools/StructureDefinition/ig-internal-dependency">
      <valueCode value="hl7.fhir.uv.tools.r4#0.8.0"/>
    </extension>
    <extension url="http://hl7.org/fhir/tools/StructureDefinition/ig-parameter">
      <extension url="code">
        <valueCode value="copyrightyear"/>
      </extension>
      <extension url="value">
        <valueString value="2020+"/>
      </extension>
    </extension>
    <extension url="http://hl7.org/fhir/tools/StructureDefinition/ig-parameter">
      <extension url="code">
        <valueCode value="releaselabel"/>
      </extension>
      <extension url="value">
        <valueString value="ci-build"/>
      </extension>
    </extension>
    <extension url="http://hl7.org/fhir/tools/StructureDefinition/ig-parameter">
      <extension url="code">
        <valueCode value="shownav"/>
      </extension>
      <extension url="value">
        <valueString value="true"/>
      </extension>
    </extension>
    <extension url="http://hl7.org/fhir/tools/StructureDefinition/ig-parameter">
      <extension url="code">
        <valueCode value="i18n-default-lang"/>
      </extension>
      <extension url="value">
        <valueString value="fr-FR"/>
      </extension>
    </extension>
    <extension url="http://hl7.org/fhir/tools/StructureDefinition/ig-parameter">
      <extension url="code">
        <valueCode value="autoload-resources"/>
      </extension>
      <extension url="value">
        <valueString value="true"/>
      </extension>
    </extension>
    <extension url="http://hl7.org/fhir/tools/StructureDefinition/ig-parameter">
      <extension url="code">
        <valueCode value="path-liquid"/>
      </extension>
      <extension url="value">
        <valueString value="template/liquid"/>
      </extension>
    </extension>
    <extension url="http://hl7.org/fhir/tools/StructureDefinition/ig-parameter">
      <extension url="code">
        <valueCode value="path-liquid"/>
      </extension>
      <extension url="value">
        <valueString value="input/liquid"/>
      </extension>
    </extension>
    <extension url="http://hl7.org/fhir/tools/StructureDefinition/ig-parameter">
      <extension url="code">
        <valueCode value="path-qa"/>
      </extension>
      <extension url="value">
        <valueString value="temp/qa"/>
      </extension>
    </extension>
    <extension url="http://hl7.org/fhir/tools/StructureDefinition/ig-parameter">
      <extension url="code">
        <valueCode value="path-temp"/>
      </extension>
      <extension url="value">
        <valueString value="temp/pages"/>
      </extension>
    </extension>
    <extension url="http://hl7.org/fhir/tools/StructureDefinition/ig-parameter">
      <extension url="code">
        <valueCode value="path-output"/>
      </extension>
      <extension url="value">
        <valueString value="output"/>
      </extension>
    </extension>
    <extension url="http://hl7.org/fhir/tools/StructureDefinition/ig-parameter">
      <extension url="code">
        <valueCode value="path-suppressed-warnings"/>
      </extension>
      <extension url="value">
        <valueString value="input/ignoreWarnings.txt"/>
      </extension>
    </extension>
    <extension url="http://hl7.org/fhir/tools/StructureDefinition/ig-parameter">
      <extension url="code">
        <valueCode value="path-history"/>
      </extension>
      <extension url="value">
        <valueString value="https://interop.esante.gouv.fr/ig/mos/history.html"/>
      </extension>
    </extension>
    <extension url="http://hl7.org/fhir/tools/StructureDefinition/ig-parameter">
      <extension url="code">
        <valueCode value="template-html"/>
      </extension>
      <extension url="value">
        <valueString value="template-page.html"/>
      </extension>
    </extension>
    <extension url="http://hl7.org/fhir/tools/StructureDefinition/ig-parameter">
      <extension url="code">
        <valueCode value="template-md"/>
      </extension>
      <extension url="value">
        <valueString value="template-page-md.html"/>
      </extension>
    </extension>
    <extension url="http://hl7.org/fhir/tools/StructureDefinition/ig-parameter">
      <extension url="code">
        <valueCode value="apply-contact"/>
      </extension>
      <extension url="value">
        <valueString value="true"/>
      </extension>
    </extension>
    <extension url="http://hl7.org/fhir/tools/StructureDefinition/ig-parameter">
      <extension url="code">
        <valueCode value="apply-context"/>
      </extension>
      <extension url="value">
        <valueString value="true"/>
      </extension>
    </extension>
    <extension url="http://hl7.org/fhir/tools/StructureDefinition/ig-parameter">
      <extension url="code">
        <valueCode value="apply-copyright"/>
      </extension>
      <extension url="value">
        <valueString value="true"/>
      </extension>
    </extension>
    <extension url="http://hl7.org/fhir/tools/StructureDefinition/ig-parameter">
      <extension url="code">
        <valueCode value="apply-jurisdiction"/>
      </extension>
      <extension url="value">
        <valueString value="true"/>
      </extension>
    </extension>
    <extension url="http://hl7.org/fhir/tools/StructureDefinition/ig-parameter">
      <extension url="code">
        <valueCode value="apply-license"/>
      </extension>
      <extension url="value">
        <valueString value="true"/>
      </extension>
    </extension>
    <extension url="http://hl7.org/fhir/tools/StructureDefinition/ig-parameter">
      <extension url="code">
        <valueCode value="apply-publisher"/>
      </extension>
      <extension url="value">
        <valueString value="true"/>
      </extension>
    </extension>
    <extension url="http://hl7.org/fhir/tools/StructureDefinition/ig-parameter">
      <extension url="code">
        <valueCode value="apply-version"/>
      </extension>
      <extension url="value">
        <valueString value="true"/>
      </extension>
    </extension>
    <extension url="http://hl7.org/fhir/tools/StructureDefinition/ig-parameter">
      <extension url="code">
        <valueCode value="apply-wg"/>
      </extension>
      <extension url="value">
        <valueString value="true"/>
      </extension>
    </extension>
    <extension url="http://hl7.org/fhir/tools/StructureDefinition/ig-parameter">
      <extension url="code">
        <valueCode value="active-tables"/>
      </extension>
      <extension url="value">
        <valueString value="true"/>
      </extension>
    </extension>
    <extension url="http://hl7.org/fhir/tools/StructureDefinition/ig-parameter">
      <extension url="code">
        <valueCode value="fmm-definition"/>
      </extension>
      <extension url="value">
        <valueString value="http://hl7.org/fhir/versions.html#maturity"/>
      </extension>
    </extension>
    <extension url="http://hl7.org/fhir/tools/StructureDefinition/ig-parameter">
      <extension url="code">
        <valueCode value="propagate-status"/>
      </extension>
      <extension url="value">
        <valueString value="true"/>
      </extension>
    </extension>
    <extension url="http://hl7.org/fhir/tools/StructureDefinition/ig-parameter">
      <extension url="code">
        <valueCode value="excludelogbinaryformat"/>
      </extension>
      <extension url="value">
        <valueString value="true"/>
      </extension>
    </extension>
    <extension url="http://hl7.org/fhir/tools/StructureDefinition/ig-parameter">
      <extension url="code">
        <valueCode value="tabbed-snapshots"/>
      </extension>
      <extension url="value">
        <valueString value="true"/>
      </extension>
    </extension>
    <resource>
      <extension url="http://hl7.org/fhir/tools/StructureDefinition/resource-information">
        <valueString value="StructureDefinition:logical"/>
      </extension>
      <reference>
        <reference value="StructureDefinition/Adresse"/>
      </reference>
      <name value="Adresse"/>
      <description value="Adresse géopostale. Un emplacement auquel une personne ou une organisation peut être trouvée ou être atteinte, d'après la norme NF Z 10-011."/>
      <exampleBoolean value="false"/>
    </resource>
    <resource>
      <extension url="http://hl7.org/fhir/tools/StructureDefinition/resource-information">
        <valueString value="StructureDefinition:logical"/>
      </extension>
      <reference>
        <reference value="StructureDefinition/Attestation"/>
      </reference>
      <name value="Attestation"/>
      <description value="L’attestation est attribuée au terme d'une formation universitaire. Pour les professions médicales et de la pharmacie, les attestations ont été remplacées par les diplômes universitaires (DU).Dans le cadre du modèle, une attestation est un type de diplôme. La classe Attestation est représentée dans le modèle comme une spécialisation de la classe Diplome et à ce titre, elle hérite des attributs et des associations de cette classe"/>
      <exampleBoolean value="false"/>
    </resource>
    <resource>
      <extension url="http://hl7.org/fhir/tools/StructureDefinition/resource-information">
        <valueString value="StructureDefinition:logical"/>
      </extension>
      <reference>
        <reference value="StructureDefinition/AutreDiplomeObtenu"/>
      </reference>
      <name value="AutreDiplomeObtenu"/>
      <description value="Diplôme autre qu'un diplôme d'Etat, une qualification, un diplôme d'études spécialisées, un DESC1, un DESC2, un diplôme de l'espace économique européen, un diplôme européen d'études spécialisées, une attestation, une capacité ou un diplôme de deuxième cycle non qualifiant."/>
      <exampleBoolean value="false"/>
    </resource>
    <resource>
      <extension url="http://hl7.org/fhir/tools/StructureDefinition/resource-information">
        <valueString value="StructureDefinition:logical"/>
      </extension>
      <reference>
        <reference value="StructureDefinition/BoiteLettreMSS"/>
      </reference>
      <name value="BoiteLettreMSS"/>
      <description value="Informations descriptives des boîtes aux lettres du service de messagerie sécurisée de santé (MSSanté) rattachées aux professionnels et aux structures.Synonyme: BAL MSS"/>
      <exampleBoolean value="false"/>
    </resource>
    <resource>
      <extension url="http://hl7.org/fhir/tools/StructureDefinition/resource-information">
        <valueString value="StructureDefinition:logical"/>
      </extension>
      <reference>
        <reference value="StructureDefinition/CapaciteDiplome"/>
      </reference>
      <name value="CapaciteDiplome"/>
      <description value="En France, la capacité de médecine est un diplôme (2 ans d'études) réservé aux docteurs en médecine (généralistes ou spécialistes), leur conférant certaines compétences supplémentaires dans leur exercice ou un champ d'exercice plus large (réf. décret du 29 avril 1988). Les capacités ne confèrent pas la qualification aux spécialistes auprès de l'Ordre des médecins, mais celui-ci les reconnait comme des titres auxquels peuvent prétendre les médecins (par exemple sur leur plaque) pour justifier de compétences supplémentaires auprès de leurs patients.Une capacité est un type de diplôme. La classe CapaciteDiplome est représentée dans le modèle comme une spécialisation de la classe Diplome et à ce titre, elle hérite des attributs et des associations de cette classe."/>
      <exampleBoolean value="false"/>
    </resource>
    <resource>
      <extension url="http://hl7.org/fhir/tools/StructureDefinition/resource-information">
        <valueString value="StructureDefinition:logical"/>
      </extension>
      <reference>
        <reference value="StructureDefinition/CapaciteSavoirfaire"/>
      </reference>
      <name value="CapaciteSavoirfaire"/>
      <description value="La capacité, en tant que savoir-faire, représente la reconnaissance par l'ordre d'un diplôme de capacité. Elle complète les savoir-faire principaux, notamment les spécialités.Une capacité est un type de savoir-faire. La classe Capacite est représentée dans le modèle comme une spécialisation de la classe SavoirFaire et à ce titre, elle hérite des attributs et des associations de cette classe."/>
      <exampleBoolean value="false"/>
    </resource>
    <resource>
      <extension url="http://hl7.org/fhir/tools/StructureDefinition/resource-information">
        <valueString value="ValueSet"/>
      </extension>
      <reference>
        <reference value="ValueSet/capaciteSavoirFaire-vs"/>
      </reference>
      <name value="CapacitesavoirfaireVs"/>
      <exampleBoolean value="false"/>
    </resource>
    <resource>
      <extension url="http://hl7.org/fhir/tools/StructureDefinition/resource-information">
        <valueString value="StructureDefinition:logical"/>
      </extension>
      <reference>
        <reference value="StructureDefinition/CertificatEtudeSpeciale"/>
      </reference>
      <name value="CertificatEtudeSpeciale"/>
      <description value="Les Certificat d'études spéciales (CES) ont précédé les DES et ils ne sont plus délivrés depuis 1991.Dans le cadre du modèle, un certificat d'études spéciales est un type de diplôme. La classe CertificatEtudesSpeciales est représentée dans le modèle comme une spécialisation de la classe Diplome et à ce titre, elle hérite des attributs et des associations de cette classe."/>
      <exampleBoolean value="false"/>
    </resource>
    <resource>
      <extension url="http://hl7.org/fhir/tools/StructureDefinition/resource-information">
        <valueString value="StructureDefinition:logical"/>
      </extension>
      <reference>
        <reference value="StructureDefinition/Competence"/>
      </reference>
      <name value="Competence"/>
      <description value="Extrait du rapport de l'ONDPS sur la médecine générale (Tome 1 2006-2007): &quot;La compétence était un titre délivré par l’ordre national des médecins en application du précédent règlement de qualification (Article 3 de l'arrêté du 4 septembre 1970), aux praticiens dits «ancien régime» ayant débuté leurs études médicales avant la réforme de 1982. Ce titre était accordé après avis d’une commission ordinale spécifique. Les compétences, dont la liste était fixée par arrêté, portaient soit sur des disciplines ne correspondant pas à des spécialités qualifiantes (médecine légale ou allergologie par exemple), soit sur des spécialités médicales, le praticien compétent ne pouvant l’exercer que dans le cadre de sa spécialité d’inscription à l’ordre. Les compétences ne peuvent plus être délivrées aux médecins issus du nouveau régime, c’est-à-dire ayant débuté leurs études à compter de l’année universitaire 1984-1985. Toutefois, pour ceux de l’ancien régime et à titre transitoire, le dépôt d’une demande de qualification était possible jusqu’au 31 décembre 2004 et ces praticiens peuvent s’en prévaloir jusqu’à la fin leur période d’activité professionnelle.Une compétence est un type de savoir-faire. La classe Competence est représentée dans le modèle comme une spécialisation de la classe SavoirFaire et à ce titre, elle hérite des attributs et des associations de cette classe."/>
      <exampleBoolean value="false"/>
    </resource>
    <resource>
      <extension url="http://hl7.org/fhir/tools/StructureDefinition/resource-information">
        <valueString value="StructureDefinition:logical"/>
      </extension>
      <reference>
        <reference value="StructureDefinition/CompetenceExclusive"/>
      </reference>
      <name value="CompetenceExclusive"/>
      <description value="La compétence exclusive est une compétence exercée à titre exclusif. Un professionnel ne peut exercer à la fois une compétence exclusive et une spécialité.Dans le cadre du modèle, une compétence exclusive est un type de savoir-faire. La classe CompetenceExclusive est représentée dans le modèle comme une spécialisation de la classe SavoirFaire et à ce titre, elle hérite des attributs et des associations de cette classe."/>
      <exampleBoolean value="false"/>
    </resource>
    <resource>
      <extension url="http://hl7.org/fhir/tools/StructureDefinition/resource-information">
        <valueString value="ValueSet"/>
      </extension>
      <reference>
        <reference value="ValueSet/competenceExclusive-vs"/>
      </reference>
      <name value="CompetenceexclusiveVs"/>
      <exampleBoolean value="false"/>
    </resource>
    <resource>
      <extension url="http://hl7.org/fhir/tools/StructureDefinition/resource-information">
        <valueString value="StructureDefinition:logical"/>
      </extension>
      <reference>
        <reference value="StructureDefinition/CompetenceMetier"/>
      </reference>
      <name value="CompetenceMetier"/>
      <description value="La compétence métier désigne un type de savoir-faire opérationnel, transversal ou spécifique, acquis et exercé à titre non exclusif dans le cadre d’une activité professionnelle reconnue. Elle reflète une expertise fonctionnelle ou technique mobilisée dans l’exercice quotidien du professionnel de santé.Contrairement aux spécialités ordinales ou compétences de médecines, la compétence métier n’est pas nécessairement encadrée par un diplôme ou une qualification ordinale, mais elle peut être attestée par l’expérience, des formations spécifiques, ou une reconnaissance institutionnelle (ex. : missions ANS, ARS, établissements de santé, etc.).Dans le cadre du modèle, la classe CompétenceMetier est représentée comme une spécialisation de la classe SavoirFaire, i-e un TypeDeSavoirFaire et à ce titre, elle hérite des attributs et des associations de cette classe. Elle se distingue des autres types de savoir-faire par son ancrage dans les pratiques professionnelles et organisationnelles, plutôt que dans une logique de qualification médicale ou réglementaire."/>
      <exampleBoolean value="false"/>
    </resource>
    <resource>
      <extension url="http://hl7.org/fhir/tools/StructureDefinition/resource-information">
        <valueString value="ValueSet"/>
      </extension>
      <reference>
        <reference value="ValueSet/competenceMetier-vs"/>
      </reference>
      <name value="CompetencemetiereVs"/>
      <exampleBoolean value="false"/>
    </resource>
    <resource>
      <extension url="http://hl7.org/fhir/tools/StructureDefinition/resource-information">
        <valueString value="ValueSet"/>
      </extension>
      <reference>
        <reference value="ValueSet/competence-vs"/>
      </reference>
      <name value="CompetenceVs"/>
      <exampleBoolean value="false"/>
    </resource>
    <resource>
      <extension url="http://hl7.org/fhir/tools/StructureDefinition/resource-information">
        <valueString value="StructureDefinition:logical"/>
      </extension>
      <reference>
        <reference value="StructureDefinition/DESC1"/>
      </reference>
      <name value="DESC1"/>
      <description value="Les DESC de groupe I ou non qualifiants (2 ans d'études) offrent une compétence supplémentaire ou un champ d'exercice plus large que celui ouvert par le DES, mais ne changent pas la qualification officielle de leurs titulaires auprès de l'Ordre des Médecins. Ils peuvent aussi apporter à des spécialistes des connaissances générales intéressant plusieurs spécialités (allergologie, cancérologie, etc.). Certains de ces DESC sont redondants avec des capacités de médecine, obtenues par la formation continue des médecins déjà diplômés, par exemple la capacité de médecine d'urgence. Il est cependant probable que les capacités disparaissent au profit des DESC équivalents dans un avenir proche.Dans le cadre du modèle, un DESC de groupe I est un type de diplôme. La classe DESC1 est représentée dans le modèle comme une spécialisation de la classe Diplome et à ce titre, elle hérite des attributs et des associations de cette classe."/>
      <exampleBoolean value="false"/>
    </resource>
    <resource>
      <extension url="http://hl7.org/fhir/tools/StructureDefinition/resource-information">
        <valueString value="StructureDefinition:logical"/>
      </extension>
      <reference>
        <reference value="StructureDefinition/DESC2"/>
      </reference>
      <name value="DESC2"/>
      <description value="Les DESC de groupe II ou qualifiants (3 ans d'études) représentent des spécialités par eux-mêmes. Dans le cadre du modèle, un DESC de groupe II est un type de diplôme. La classe DESC2 est représentée dans le modèle comme une spécialisation de la classe Diplome et à ce titre, elle hérite des attributs et des associations de cette classe."/>
      <exampleBoolean value="false"/>
    </resource>
    <resource>
      <extension url="http://hl7.org/fhir/tools/StructureDefinition/resource-information">
        <valueString value="StructureDefinition:logical"/>
      </extension>
      <reference>
        <reference value="StructureDefinition/DESCNonQualifiant"/>
      </reference>
      <name value="DESCNonQualifiant"/>
      <description value="Un professionnel peut faire valoir, en complément de sa spécialité, un ou plusieurs savoir-faire de type DESC non qualifiant, en fonction du ou des DESC de groupe I, qu'il a obtenu(s).Un DESC non qualifiant est un type de savoir-faire. La classe DiplomeEtudesSpécialiseesNonQualifiant est représentée dans le modèle comme une spécialisation de la classe SavoirFaire et à ce titre, elle hérite des attributs et des associations de cette classe."/>
      <exampleBoolean value="false"/>
    </resource>
    <resource>
      <extension url="http://hl7.org/fhir/tools/StructureDefinition/resource-information">
        <valueString value="ValueSet"/>
      </extension>
      <reference>
        <reference value="ValueSet/DESCNonQualifiant-vs"/>
      </reference>
      <name value="DescnonqualifiantVs"/>
      <exampleBoolean value="false"/>
    </resource>
    <resource>
      <extension url="http://hl7.org/fhir/tools/StructureDefinition/resource-information">
        <valueString value="StructureDefinition:logical"/>
      </extension>
      <reference>
        <reference value="StructureDefinition/Diplome"/>
      </reference>
      <name value="Diplome"/>
      <description value="Un diplôme sanctionne un niveau de connaissances. L’Etat intervient, dans certains cas, sur le programme et la pédagogie de certains cursus diplômants, par exemple les diplômes d'Etat.La classe &quot;Diplome&quot; est une classe générale contenant les propriétés communes aux différents types de diplômes.Chaque diplôme est décrit dans le modèle comme une spécialisation de la classe Diplome et à ce titre, hérite des attributs de cette classe. Synonymes RPPS : Diplôme obtenu"/>
      <exampleBoolean value="false"/>
    </resource>
    <resource>
      <extension url="http://hl7.org/fhir/tools/StructureDefinition/resource-information">
        <valueString value="StructureDefinition:logical"/>
      </extension>
      <reference>
        <reference value="StructureDefinition/DiplomeDeuxiemeCycleNonQualifiant"/>
      </reference>
      <name value="DiplomeDeuxiemeCycleNonQualifiant"/>
      <description value="Le diplôme de deuxième cycle non qualifiant enregistre un niveau de formation de fin de deuxième cycle, qui sanctionne une partie des études requises à l’exercice de la profession.Il ne donne pas droit à l’exercice de la profession  et son obtention ne change pas la qualification à venir des titulaires lorsqu’ils exerceront."/>
      <exampleBoolean value="false"/>
    </resource>
    <resource>
      <extension url="http://hl7.org/fhir/tools/StructureDefinition/resource-information">
        <valueString value="StructureDefinition:logical"/>
      </extension>
      <reference>
        <reference value="StructureDefinition/DiplomeDivers"/>
      </reference>
      <name value="DiplomeDivers"/>
      <description value="Cette classe regroupe les diplômes qui ne peuvent être classés dans un type de diplôme explicite (CES, DESC1, DESC2, etc.).La classe DiplomeDivers est représentée dans le modèle comme une spécialisation de la classe Diplome et à ce titre, elle hérite des attributs et des associations de cette classe."/>
      <exampleBoolean value="false"/>
    </resource>
    <resource>
      <extension url="http://hl7.org/fhir/tools/StructureDefinition/resource-information">
        <valueString value="StructureDefinition:logical"/>
      </extension>
      <reference>
        <reference value="StructureDefinition/DiplomeEEE"/>
      </reference>
      <name value="DiplomeEEE"/>
      <description value="Diplôme d'un pays de l'espace économique européen (EEE), requis pour l'accès à la profession en France, pour un professionnel s'inscrivant à l'ordre à compter de la date d'entrée du pays dans l'EEE (Directive européenne 2005-36 modifiée). L'annexe 5 de cette directive donne la liste des reconnaissances mutuelles de diplômes au sein de l'EEE.Dans le cadre du modèle, un diplôme EEE est un type de diplôme. La classe DiplomeEEE est représentée dans le modèle comme une spécialisation de la classe Diplome et à ce titre, elle hérite des attributs et des associations de cette classe."/>
      <exampleBoolean value="false"/>
    </resource>
    <resource>
      <extension url="http://hl7.org/fhir/tools/StructureDefinition/resource-information">
        <valueString value="StructureDefinition:logical"/>
      </extension>
      <reference>
        <reference value="StructureDefinition/DiplomeEES"/>
      </reference>
      <name value="DiplomeEES"/>
      <description value="Diplôme européen d'études spécialisées, d'un pays de l'espace économique européen (EEE), ouvrant l'accès à une spécialité, pour un professionnel s'inscrivant à l'ordre à compter de la date d'entrée du pays dans l'EEE (Directive européenne 2005-36 modifiée). L'annexe 5 de cette directive donne la liste des reconnaissances mutuelles de diplômes de spécialité au sein de l'EEE.Dans le cadre du modèle, un diplôme EES est un type de diplôme. La classe DiplomeEES est représentée dans le modèle comme une spécialisation de la classe Diplome et à ce titre, elle hérite des attributs et des associations de cette classe."/>
      <exampleBoolean value="false"/>
    </resource>
    <resource>
      <extension url="http://hl7.org/fhir/tools/StructureDefinition/resource-information">
        <valueString value="StructureDefinition:logical"/>
      </extension>
      <reference>
        <reference value="StructureDefinition/DiplomeEtat"/>
      </reference>
      <name value="DiplomeEtat"/>
      <description value="Un diplôme d'État, abrégé DE, est un diplôme français qui est souvent requis pour l'exercice de professions règlementées, notamment dans le champ de la santé.L'Etat intervient dans la définition du programme et la pédagogie du cursus diplômant.Cette classe comprend également des diplômes anciens existant avant la création du diplôme d'Etat de la profession et qui étaient requis, à cette époque, pour l'exercice de la profession.Par exemple, le diplôme d'Etat de docteur en chirurgie dentaire est requis depuis 1972 pour exercer la profession de chirurgien-dentiste. Avant 1972, le diplôme d'Etat de chirurgien-dentiste était requis. Ces deux diplômes sont donc présents dans la nomenclature des diplômes d'Etat français.Dans le cadre du modèle, un Diplôme d'Etat est considéré comme un type de diplôme. La classe DiplomeEtat est représentée dans le modèle comme une spécialisation de la classe Diplome et à ce titre, elle hérite des attributs et des associations de cette classe."/>
      <exampleBoolean value="false"/>
    </resource>
    <resource>
      <extension url="http://hl7.org/fhir/tools/StructureDefinition/resource-information">
        <valueString value="StructureDefinition:logical"/>
      </extension>
      <reference>
        <reference value="StructureDefinition/DiplomeEtudeSpecialisee"/>
      </reference>
      <name value="DiplomeEtudeSpecialisee"/>
      <description value="Le diplôme d'études spécialisées (DES) est délivré aux médecins, pharmaciens ou dentistes ayant effectué une formation de 3e cycle de 3 à 5 ans en fonction des spécialités et soutenu un mémoire. Cette formation correspond à l'internat. Avec les réformes successives adoptées depuis la fin des années 1990 (dont la création de l'internat et du DES de médecine générale), tous les nouveaux docteurs en médecine sont titulaires d'un DES, accompagnant leur diplôme d'État de docteur en médecine (commun à tous les médecins) et précisant leur spécialité.Le DES peut être complété par un diplôme d'études spécialisées complémentaires (DESC). Les DESC se décomposent en deux groupes: ** DESC non qualifiants (groupe 1) d’une durée de 2 ans : 1 an pendant l’internat et 1 an après la fin de l’internat (clinicat);** DESC qualifiants (groupe 2) ou DESCQ d’une durée de 3 ans : 2 ans pendant l’internat et 1 an après la fin de l’internat (clinicat).Dans le cadre du modèle, un DES est un type de diplôme. La classe DiplomeEtudesSpecialisees est représentée dans le modèle comme une spécialisation de la classe Diplome et à ce titre, elle hérite des attributs et des associations de cette classe."/>
      <exampleBoolean value="false"/>
    </resource>
    <resource>
      <extension url="http://hl7.org/fhir/tools/StructureDefinition/resource-information">
        <valueString value="StructureDefinition:logical"/>
      </extension>
      <reference>
        <reference value="StructureDefinition/DiplomeUniversitaire"/>
      </reference>
      <name value="DiplomeUniversitaire"/>
      <description value="En France, un diplôme universitaire (DU) ou interuniversitaire (DIU) est un diplôme délivré par une université française, un grand établissement ou autre établissement public à caractère scientifique, culturel et professionnel, ou plusieurs établissements conjointement, contrairement aux diplômes nationaux qui sont délivrés au nom du ministère. Chaque ordre maintient une liste des DU reconnus.Dans le cadre du modèle, un diplôme universitaire est un type de diplôme. La classe DiplomeUniversitaire est représentée dans le modèle comme une spécialisation de la classe Diplome et à ce titre, elle hérite des attributs et des associations de cette classe."/>
      <exampleBoolean value="false"/>
    </resource>
    <resource>
      <extension url="http://hl7.org/fhir/tools/StructureDefinition/resource-information">
        <valueString value="StructureDefinition:logical"/>
      </extension>
      <reference>
        <reference value="StructureDefinition/DroitExerciceComplementaire"/>
      </reference>
      <name value="DroitExerciceComplementaire"/>
      <description value="Les docteurs en médecine initialement qualifiés comme médecins spécialistes peuvent obtenir un droit d'exercice dans l'une des spécialités définies par un des DESC de médecine du groupe I."/>
      <exampleBoolean value="false"/>
    </resource>
    <resource>
      <extension url="http://hl7.org/fhir/tools/StructureDefinition/resource-information">
        <valueString value="ValueSet"/>
      </extension>
      <reference>
        <reference value="ValueSet/droitExerciceComplementaire-vs"/>
      </reference>
      <name value="DroitexercicecomplementaireVs"/>
      <exampleBoolean value="false"/>
    </resource>
    <resource>
      <extension url="http://hl7.org/fhir/tools/StructureDefinition/resource-information">
        <valueString value="StructureDefinition:logical"/>
      </extension>
      <reference>
        <reference value="StructureDefinition/ExerciceProfessionnel"/>
      </reference>
      <name value="ExerciceProfessionnel"/>
      <description value="Informations décrivant notamment la profession exercée, l'identité d'exercice d'un professionnel et le cadre de son exercice (civil, agent public, etc.).Il peut exister plusieurs exercices professionnels pour une personne à un instant donné."/>
      <exampleBoolean value="false"/>
    </resource>
    <resource>
      <extension url="http://hl7.org/fhir/tools/StructureDefinition/resource-information">
        <valueString value="StructureDefinition:logical"/>
      </extension>
      <reference>
        <reference value="StructureDefinition/FonctionQualifiee"/>
      </reference>
      <name value="FonctionQualifiee"/>
      <description value="Expérience pratique exigée par le code de la santé publique (art R5124-16) pour exercer certaines fonctions dans l’industrie pharmaceutique et la distribution en gros. Ces dispositions s’appliquent uniquement à la profession de pharmacien.L’expérience pratique est en liaison avec les activités de l’établissement pharmaceutique telles que définies par l’ANSM ou l’ANSES.A ce jour, cinq expériences pratiques sont identifiées dont trois sont imbriquées. L’expérience pratique de &quot;Fabricant&quot; inclut celle d’&quot;Exploitant&quot; qui inclut celle de &quot;Distribution&quot;.  Une fonction qualifiée est un type de savoir-faire. La classe FonctionQualifiee est représentée dans le modèle comme une spécialisation de la classe SavoirFaire et à ce titre, elle hérite des attributs et des associations de cette classe."/>
      <exampleBoolean value="false"/>
    </resource>
    <resource>
      <extension url="http://hl7.org/fhir/tools/StructureDefinition/resource-information">
        <valueString value="ValueSet"/>
      </extension>
      <reference>
        <reference value="ValueSet/fonctionQualifiee-vs"/>
      </reference>
      <name value="FonctionqualifieeVs"/>
      <exampleBoolean value="false"/>
    </resource>
    <resource>
      <extension url="http://hl7.org/fhir/tools/StructureDefinition/resource-information">
        <valueString value="StructureDefinition:logical"/>
      </extension>
      <reference>
        <reference value="StructureDefinition/FormationSpecialiseeTransversale"/>
      </reference>
      <name value="FormationSpecialiseeTransversale"/>
      <description value="La formation spécialisée transversale est une formation venant compléter le cursus de l’interne à partir de la phase d’approfondissement, et lui permet d’acquérir les compétences pour exercer la surspécialité correspondante dans le cadre de sa spécialité.Dans le cadre du modèle, une formation spécialisée transversale est considérée comme un type de diplôme. La classe FormationSpecialiseeTransversale est représentée dans le modèle comme une spécialisation de la classe Diplome et à ce titre, elle hérite des attributs et des associations de cette classe."/>
      <exampleBoolean value="false"/>
    </resource>
    <resource>
      <extension url="http://hl7.org/fhir/tools/StructureDefinition/resource-information">
        <valueString value="StructureDefinition:logical"/>
      </extension>
      <reference>
        <reference value="StructureDefinition/Horaire"/>
      </reference>
      <name value="Horaire"/>
      <description value="La classe Horaire permet de définir les différentes plages d'un agenda d'une entité (jours et heures d'ouverture, période de fermeture, etc.).Synonymes (agendas partagés) : plages de disponibilités et d'indisponibilités"/>
      <exampleBoolean value="false"/>
    </resource>
    <resource>
      <extension url="http://hl7.org/fhir/tools/StructureDefinition/resource-information">
        <valueString value="StructureDefinition:logical"/>
      </extension>
      <reference>
        <reference value="StructureDefinition/LangueParlee"/>
      </reference>
      <name value="LangueParlee"/>
      <description value="Langue parlée par une personne ou dans un service."/>
      <exampleBoolean value="false"/>
    </resource>
    <resource>
      <extension url="http://hl7.org/fhir/tools/StructureDefinition/resource-information">
        <valueString value="ValueSet"/>
      </extension>
      <reference>
        <reference value="ValueSet/lieuNaissance-vs"/>
      </reference>
      <name value="LieunaissanceVs"/>
      <exampleBoolean value="false"/>
    </resource>
    <resource>
      <extension url="http://hl7.org/fhir/tools/StructureDefinition/resource-information">
        <valueString value="StructureDefinition:logical"/>
      </extension>
      <reference>
        <reference value="StructureDefinition/OrientationParticuliere"/>
      </reference>
      <name value="OrientationParticuliere"/>
      <description value="Caractérise une orientation d'exercice: acupuncture ou homéopathie.Dans le cadre du modèle, une orientation particulière est un type de savoir-faire. La classe OrientationParticuliere est représentée dans le modèle comme une spécialisation de la classe SavoirFaire et à ce titre, elle hérite des attributs et des associations de cette classe."/>
      <exampleBoolean value="false"/>
    </resource>
    <resource>
      <extension url="http://hl7.org/fhir/tools/StructureDefinition/resource-information">
        <valueString value="ValueSet"/>
      </extension>
      <reference>
        <reference value="ValueSet/orientationParticuliere-vs"/>
      </reference>
      <name value="OrientationparticuliereVs"/>
      <exampleBoolean value="false"/>
    </resource>
    <resource>
      <extension url="http://hl7.org/fhir/tools/StructureDefinition/resource-information">
        <valueString value="ValueSet"/>
      </extension>
      <reference>
        <reference value="ValueSet/paysNaissance-vs"/>
      </reference>
      <name value="PaysnaissanceVs"/>
      <exampleBoolean value="false"/>
    </resource>
    <resource>
      <extension url="http://hl7.org/fhir/tools/StructureDefinition/resource-information">
        <valueString value="ValueSet"/>
      </extension>
      <reference>
        <reference value="ValueSet/paysNationalite-vs"/>
      </reference>
      <name value="PaysnationaliteVs"/>
      <exampleBoolean value="false"/>
    </resource>
    <resource>
      <extension url="http://hl7.org/fhir/tools/StructureDefinition/resource-information">
        <valueString value="StructureDefinition:logical"/>
      </extension>
      <reference>
        <reference value="StructureDefinition/PersonnePhysique"/>
      </reference>
      <name value="PersonnePhysique"/>
      <description value="Préambule:Les informations de la personne physique telles que le nom de naissance, le prénom, etc. sont utilisées dans d'autres contextes que celui de l'INS. Elles sont donc délibérément disjointes des informations constituant l'identité INS.Une personne physique est un individu titulaire de droits et d'obligations caractérisé par une identité civile."/>
      <exampleBoolean value="false"/>
    </resource>
    <resource>
      <extension url="http://hl7.org/fhir/tools/StructureDefinition/resource-information">
        <valueString value="ValueSet"/>
      </extension>
      <reference>
        <reference value="ValueSet/professionCategorieSocioProfessionnelle-vs"/>
      </reference>
      <name value="ProfessioncategoriesocioprofessionnelleVs"/>
      <exampleBoolean value="false"/>
    </resource>
    <resource>
      <extension url="http://hl7.org/fhir/tools/StructureDefinition/resource-information">
        <valueString value="StructureDefinition:logical"/>
      </extension>
      <reference>
        <reference value="StructureDefinition/Professionnel"/>
      </reference>
      <name value="Professionnel"/>
      <description value="Données d'identification pérennes d’une personne physique, qui travaille en tant que professionnel (professionnel enregistré dans RPPS ou ADELI), personnel autorisé ou personnel d’établissement, dans les domaines sanitaire, médico-social et social."/>
      <exampleBoolean value="false"/>
    </resource>
    <resource>
      <extension url="http://hl7.org/fhir/tools/StructureDefinition/resource-information">
        <valueString value="ValueSet"/>
      </extension>
      <reference>
        <reference value="ValueSet/profession-vs"/>
      </reference>
      <name value="ProfessionVs"/>
      <exampleBoolean value="false"/>
    </resource>
    <resource>
      <extension url="http://hl7.org/fhir/tools/StructureDefinition/resource-information">
        <valueString value="StructureDefinition:logical"/>
      </extension>
      <reference>
        <reference value="StructureDefinition/QualificationPAC"/>
      </reference>
      <name value="QualificationPAC"/>
      <description value="La qualification de praticien adjoint contractuel autorise à exercer en établissement sans être qualifié ni en médecine générale, ni en spécialité. Cela concerne des médecins à diplôme étranger dont la qualification a été reconnue avant l'instauration de l'autorisation d'exercice, et qui n'ont pas fait de démarche pour obtenir cette autorisation (environ 500 médecins concernés).Une qualification de praticien adjoint contractuel est un type de savoir-faire. La classe QualificationPAC est représentée dans le modèle comme une spécialisation de la classe SavoirFaire et à ce titre, elle hérite des attributs et des associations de cette classe."/>
      <exampleBoolean value="false"/>
    </resource>
    <resource>
      <extension url="http://hl7.org/fhir/tools/StructureDefinition/resource-information">
        <valueString value="ValueSet"/>
      </extension>
      <reference>
        <reference value="ValueSet/qualificationPAC-vs"/>
      </reference>
      <name value="QualificationpacVs"/>
      <exampleBoolean value="false"/>
    </resource>
    <resource>
      <extension url="http://hl7.org/fhir/tools/StructureDefinition/resource-information">
        <valueString value="ValueSet"/>
      </extension>
      <reference>
        <reference value="ValueSet/role-vs"/>
      </reference>
      <name value="RoleVs"/>
      <exampleBoolean value="false"/>
    </resource>
    <resource>
      <extension url="http://hl7.org/fhir/tools/StructureDefinition/resource-information">
        <valueString value="StructureDefinition:logical"/>
      </extension>
      <reference>
        <reference value="StructureDefinition/SavoirFaire"/>
      </reference>
      <name value="SavoirFaire"/>
      <description value="Prérogatives d'exercice d'un professionnel reconnues par une autorité d'enregistrement sur une période donnée de son exercice professionnel, par exemple les spécialités ordinales, etc."/>
      <exampleBoolean value="false"/>
    </resource>
    <resource>
      <extension url="http://hl7.org/fhir/tools/StructureDefinition/resource-information">
        <valueString value="ValueSet"/>
      </extension>
      <reference>
        <reference value="ValueSet/sexe-vs"/>
      </reference>
      <name value="SexeVs"/>
      <exampleBoolean value="false"/>
    </resource>
    <resource>
      <extension url="http://hl7.org/fhir/tools/StructureDefinition/resource-information">
        <valueString value="StructureDefinition:logical"/>
      </extension>
      <reference>
        <reference value="StructureDefinition/SituationExercice"/>
      </reference>
      <name value="SituationExercice"/>
      <description value="Caractéristiques de l'exercice d’un professionnel pendant une période déterminée et dans une structure déterminée (à l'exception des remplaçants).Synonymes : Activité (RPPS)."/>
      <exampleBoolean value="false"/>
    </resource>
    <resource>
      <extension url="http://hl7.org/fhir/tools/StructureDefinition/resource-information">
        <valueString value="StructureDefinition:logical"/>
      </extension>
      <reference>
        <reference value="StructureDefinition/SituationOperationnelle"/>
      </reference>
      <name value="SituationOperationnelle"/>
      <description value="Caractérise les conditions d'exercice du professionnel dans la mise en œuvre cadre de l’offre opérationnelle."/>
      <exampleBoolean value="false"/>
    </resource>
    <resource>
      <extension url="http://hl7.org/fhir/tools/StructureDefinition/resource-information">
        <valueString value="StructureDefinition:logical"/>
      </extension>
      <reference>
        <reference value="StructureDefinition/Specialite"/>
      </reference>
      <name value="Specialite"/>
      <description value="Spécialité médicale ou odontologique, reconnue par une autorité d'enregistrement (Ordre ou SSA), soit sur la base d'un diplôme de spécialité (DES ou DESC de groupe II, CES jusqu'en 1991), soit via une commission de qualification.En France, l'exercice d'une spécialité est exclusif, c'est-à-dire qu'on ne peut exercer qu'une seule spécialité, celle qui fait l'objet d'une qualification par le Conseil de l'ordre. Un médecin titulaire d'un DESC de type II qui s'ajoute à son DES, a donc 2 qualifications possibles. Lorsqu'il s'inscrit au tableau de l'ordre des médecins, il doit déclarer sa spécialité d'exercice. S'il choisit celle de son DESC, il ne peut pas exercer la spécialité de son DES. Toutefois, il peut, dans le futur, choisir le retour à la spécialité originelle portée par le DES. Ainsi, la création en 2004 du DESC de Gériatrie a marqué la naissance de la qualification de spécialiste en gériatrie (la gériatrie étant auparavant un mode d'exercice particulier de la médecine, concernant des généralistes et des spécialistes).Dans le cadre du modèle, une spécialité est un type de savoir-faire. La classe Specialite est représentée dans le modèle comme une spécialisation de la classe SavoirFaire et à ce titre, elle hérite des attributs et des associations de cette classe."/>
      <exampleBoolean value="false"/>
    </resource>
    <resource>
      <extension url="http://hl7.org/fhir/tools/StructureDefinition/resource-information">
        <valueString value="ValueSet"/>
      </extension>
      <reference>
        <reference value="ValueSet/specialite-vs"/>
      </reference>
      <name value="SpecialiteVs"/>
      <exampleBoolean value="false"/>
    </resource>
    <resource>
      <extension url="http://hl7.org/fhir/tools/StructureDefinition/resource-information">
        <valueString value="StructureDefinition:logical"/>
      </extension>
      <reference>
        <reference value="StructureDefinition/SurspecialiteTransversale"/>
      </reference>
      <name value="SurspecialiteTransversale"/>
      <description value="La surspécialité transversale est le droit d’exercice complémentaire au sein de la spécialité du médecin, donné par une formation spécialisée transversale (FST). La formation spécialisée transversale est une formation venant compléter le cursus de l’interne à partir de la phase d’approfondissement, et lui permet d’acquérir les compétences pour exercer la surspécialité correspondante dans le cadre de sa spécialité."/>
      <exampleBoolean value="false"/>
    </resource>
    <resource>
      <extension url="http://hl7.org/fhir/tools/StructureDefinition/resource-information">
        <valueString value="ValueSet"/>
      </extension>
      <reference>
        <reference value="ValueSet/surspecialiteTransversale-vs"/>
      </reference>
      <name value="SurspecialitetransversaleVs"/>
      <exampleBoolean value="false"/>
    </resource>
    <resource>
      <extension url="http://hl7.org/fhir/tools/StructureDefinition/resource-information">
        <valueString value="StructureDefinition:logical"/>
      </extension>
      <reference>
        <reference value="StructureDefinition/Telecommunication"/>
      </reference>
      <name value="Telecommunication"/>
      <description value="Adresse de télécommunication à laquelle une personne ou une organisation peut être contactée  (téléphone, fax, e-mail, URL, etc.)."/>
      <exampleBoolean value="false"/>
    </resource>
    <resource>
      <extension url="http://hl7.org/fhir/tools/StructureDefinition/resource-information">
        <valueString value="ValueSet"/>
      </extension>
      <reference>
        <reference value="ValueSet/typeProfession-vs"/>
      </reference>
      <name value="TypeprofessionVs"/>
      <exampleBoolean value="false"/>
    </resource>
    <resource>
      <extension url="http://hl7.org/fhir/tools/StructureDefinition/resource-information">
        <valueString value="ValueSet"/>
      </extension>
      <reference>
        <reference value="ValueSet/typeRole-vs"/>
      </reference>
      <name value="TyperoleVs"/>
      <exampleBoolean value="false"/>
    </resource>
    <page>
      <extension url="http://hl7.org/fhir/tools/StructureDefinition/ig-page-name">
        <valueUrl value="toc.html"/>
      </extension>
      <nameUrl value="toc.html"/>
      <title value="Table of Contents"/>
      <generation value="html"/>
      <page>
        <extension url="http://hl7.org/fhir/tools/StructureDefinition/ig-page-name">
          <valueUrl value="index.html"/>
        </extension>
        <nameUrl value="index.html"/>
        <title value="Accueil"/>
        <generation value="markdown"/>
      </page>
      <page>
        <extension url="http://hl7.org/fhir/tools/StructureDefinition/ig-page-name">
          <valueUrl value="classes_communes.html"/>
        </extension>
        <nameUrl value="classes_communes.html"/>
        <title value="Classes communes"/>
        <generation value="markdown"/>
      </page>
      <page>
        <extension url="http://hl7.org/fhir/tools/StructureDefinition/ig-page-name">
          <valueUrl value="composants_elementaires.html"/>
        </extension>
        <nameUrl value="composants_elementaires.html"/>
        <title value="Composants élémentaires"/>
        <generation value="markdown"/>
        <page>
          <extension url="http://hl7.org/fhir/tools/StructureDefinition/ig-page-name">
            <valueUrl value="professionnel.html"/>
          </extension>
          <nameUrl value="professionnel.html"/>
          <title value="Professionnel"/>
          <generation value="markdown"/>
        </page>
        <page>
          <extension url="http://hl7.org/fhir/tools/StructureDefinition/ig-page-name">
            <valueUrl value="dispo-authent.html"/>
          </extension>
          <nameUrl value="dispo-authent.html"/>
          <title value="Dispositif d'authentification"/>
          <generation value="markdown"/>
        </page>
        <page>
          <extension url="http://hl7.org/fhir/tools/StructureDefinition/ig-page-name">
            <valueUrl value="structure.html"/>
          </extension>
          <nameUrl value="structure.html"/>
          <title value="Structure"/>
          <generation value="markdown"/>
        </page>
        <page>
          <extension url="http://hl7.org/fhir/tools/StructureDefinition/ig-page-name">
            <valueUrl value="ppec.html"/>
          </extension>
          <nameUrl value="ppec.html"/>
          <title value="Personne prise en charge"/>
          <generation value="markdown"/>
        </page>
        <page>
          <extension url="http://hl7.org/fhir/tools/StructureDefinition/ig-page-name">
            <valueUrl value="ressops.html"/>
          </extension>
          <nameUrl value="ressops.html"/>
          <title value="Ressources opérationnelles"/>
          <generation value="markdown"/>
        </page>
      </page>
      <page>
        <extension url="http://hl7.org/fhir/tools/StructureDefinition/ig-page-name">
          <valueUrl value="autres_ressources.html"/>
        </extension>
        <nameUrl value="autres_ressources.html"/>
        <title value="Autres Ressources"/>
        <generation value="markdown"/>
        <page>
          <extension url="http://hl7.org/fhir/tools/StructureDefinition/ig-page-name">
            <valueUrl value="securite.html"/>
          </extension>
          <nameUrl value="securite.html"/>
          <title value="Sécurité"/>
          <generation value="markdown"/>
        </page>
        <page>
          <extension url="http://hl7.org/fhir/tools/StructureDefinition/ig-page-name">
            <valueUrl value="downloads.html"/>
          </extension>
          <nameUrl value="downloads.html"/>
          <title value="Téléchargements et usages"/>
          <generation value="markdown"/>
        </page>
      </page>
    </page>
    <parameter>
      <code value="path-resource"/>
      <value value="input/capabilities"/>
    </parameter>
    <parameter>
      <code value="path-resource"/>
      <value value="input/examples"/>
    </parameter>
    <parameter>
      <code value="path-resource"/>
      <value value="input/extensions"/>
    </parameter>
    <parameter>
      <code value="path-resource"/>
      <value value="input/models"/>
    </parameter>
    <parameter>
      <code value="path-resource"/>
      <value value="input/operations"/>
    </parameter>
    <parameter>
      <code value="path-resource"/>
      <value value="input/profiles"/>
    </parameter>
    <parameter>
      <code value="path-resource"/>
      <value value="input/resources"/>
    </parameter>
    <parameter>
      <code value="path-resource"/>
      <value value="input/vocabulary"/>
    </parameter>
    <parameter>
      <code value="path-resource"/>
      <value value="input/maps"/>
    </parameter>
    <parameter>
      <code value="path-resource"/>
      <value value="input/testing"/>
    </parameter>
    <parameter>
      <code value="path-resource"/>
      <value value="input/history"/>
    </parameter>
    <parameter>
      <code value="path-resource"/>
      <value value="fsh-generated/resources"/>
    </parameter>
    <parameter>
      <code value="path-pages"/>
      <value value="template/config"/>
    </parameter>
    <parameter>
      <code value="path-pages"/>
      <value value="input/images"/>
    </parameter>
    <parameter>
      <code value="path-tx-cache"/>
      <value value="input-cache/txcache"/>
    </parameter>
  </definition>
</ImplementationGuide>