"Id","Path","Slice Name","Alias(s)","Label","Min","Max","Must Support?","Is Modifier?","Is Summary?","Type(s)","Short","Definition","Comments","Requirements","Default Value","Meaning When Missing","Fixed Value","Pattern","Example","Minimum Value","Maximum Value","Maximum Length","Binding Strength","Binding Description","Binding Value Set","Code","Slicing Discriminator","Slicing Description","Slicing Ordered","Slicing Rules","Base Path","Base Min","Base Max","Condition(s)","Constraint(s)"
"ExerciceProfessionnel","ExerciceProfessionnel","","","",0,*,"","","","null {[]} {[]}
","Informations décrivant notamment la profession exercée, l'identité d'exercice d'un professionnel et le cadre de son exercice (civil, agent public, etc.).Il peut exister plusieurs exercices professionnels pour une personne à un instant donné.","Informations décrivant notamment la profession exercée, l'identité d'exercice d'un professionnel et le cadre de son exercice (civil, agent public, etc.).Il peut exister plusieurs exercices professionnels pour une personne à un instant donné.","","","","","","","","","",,,,,"",,,,"Base",0,*,"",""
"ExerciceProfessionnel.civiliteExercice","ExerciceProfessionnel.civiliteExercice","","","",0,1,"","","","Coding {[]} {[]}
","Civilité d’exercice du professionnel.","Civilité d’exercice du professionnel.","","","","","","","","","",,"preferred","","https://interop.esante.gouv.fr/terminologies/CodeSystem-TRE-R11-CiviliteExercice?vs","",,,,"ExerciceProfessionnel.civiliteExercice",0,1,"",""
"ExerciceProfessionnel.nomExercice","ExerciceProfessionnel.nomExercice","","","",0,1,"","","","string {[]} {[]}
","Nom sous lequel exerce le professionnel.","Nom sous lequel exerce le professionnel.","","","","","","","","","",,,,,"",,,,"ExerciceProfessionnel.nomExercice",0,1,"",""
"ExerciceProfessionnel.prenomExercice","ExerciceProfessionnel.prenomExercice","","","",0,1,"","","","string {[]} {[]}
","Prénom sous lequel exerce le professionnel.","Prénom sous lequel exerce le professionnel.","","","","","","","","","",,,,,"",,,,"ExerciceProfessionnel.prenomExercice",0,1,"",""
"ExerciceProfessionnel.profession","ExerciceProfessionnel.profession","","","",0,1,"","","","Coding {[]} {[]}
","Profession exercée ou future profession de l'étudiant.","Profession exercée ou future profession de l'étudiant.","","","","","","","","","",,"preferred","","https://interop.esante.gouv.fr/ig/fhir/mos/ValueSet/profession-vs","",,,,"ExerciceProfessionnel.profession",0,1,"",""
"ExerciceProfessionnel.typeProfession","ExerciceProfessionnel.typeProfession","","","",0,1,"","","","Coding {[]} {[]}
","Indique le type de profession de la personne.Exemples :** Professionnel de santé** Usager de titre** Professionnel secteur social** etc.","Indique le type de profession de la personne.Exemples :** Professionnel de santé** Usager de titre** Professionnel secteur social** etc.","","","","","","","","","",,"preferred","","https://interop.esante.gouv.fr/ig/fhir/mos/ValueSet/typeProfession-vs","",,,,"ExerciceProfessionnel.typeProfession",0,1,"",""
"ExerciceProfessionnel.categorieProfessionnelle","ExerciceProfessionnel.categorieProfessionnelle","","","",0,1,"","","","Coding {[]} {[]}
","Indique si le professionnel exerce sa profession en tant que :** M: Agent public** C: Civil** F: Fonctionnaire ** E: EtudiantL'autorité d'enregistrement du professionnel dépend de la catégorie de sa profession.","Indique si le professionnel exerce sa profession en tant que :** M: Agent public** C: Civil** F: Fonctionnaire ** E: EtudiantL'autorité d'enregistrement du professionnel dépend de la catégorie de sa profession.","","","","","","","","","",,"preferred","","https://interop.esante.gouv.fr/terminologies/CodeSystem-TRE-R09-CategorieProfessionnelle?vs","",,,,"ExerciceProfessionnel.categorieProfessionnelle",0,1,"",""
"ExerciceProfessionnel.dateEffetExercice","ExerciceProfessionnel.dateEffetExercice","","","",0,1,"","","","date {[]} {[]}
","Date à partir de laquelle le professionnel exerce cette profession.","Date à partir de laquelle le professionnel exerce cette profession.","","","","","","","","","",,,,,"",,,,"ExerciceProfessionnel.dateEffetExercice",0,1,"",""
"ExerciceProfessionnel.dateFinEffetExercice","ExerciceProfessionnel.dateFinEffetExercice","","","",0,1,"","","","date {[]} {[]}
","Date à partir de laquelle le professionnel n’exerce plus cette profession.","Date à partir de laquelle le professionnel n’exerce plus cette profession.","","","","","","","","","",,,,,"",,,,"ExerciceProfessionnel.dateFinEffetExercice",0,1,"",""
"ExerciceProfessionnel.departementPremierReferencementAE","ExerciceProfessionnel.departementPremierReferencementAE","","","",0,1,"","","","Coding {[]} {[]}
","Code du département du premier référencement, pour un référencement de nature « inscription à l’ordre ».","Code du département du premier référencement, pour un référencement de nature « inscription à l’ordre ».","","","","","","","","","",,"preferred","","https://interop.esante.gouv.fr/terminologies/CodeSystem-TRE-G09-DepartementOM?vs","",,,,"ExerciceProfessionnel.departementPremierReferencementAE",0,1,"",""
"ExerciceProfessionnel.boiteLettresMSS","ExerciceProfessionnel.boiteLettresMSS","","","",0,*,"","","","https://interop.esante.gouv.fr/ig/fhir/mos/StructureDefinition/BoiteLettreMSS {[]} {[]}
","Boîte(s) aux lettres du service de messagerie sécurisée de santé (MSS) rattachée(s) à l'exercice professionnel du professionnel.","Boîte(s) aux lettres du service de messagerie sécurisée de santé (MSS) rattachée(s) à l'exercice professionnel du professionnel.","","","","","","","","","",,,,,"",,,,"ExerciceProfessionnel.boiteLettresMSS",0,*,"",""
"ExerciceProfessionnel.InscriptionOrdre","ExerciceProfessionnel.InscriptionOrdre","","","",0,*,"","","","Base {[]} {[]}
","Eléments permettant de retrouver les informations d'inscription à un ordre par rapport à la profession de la personne physique sur une période et un département donnéSynonymes RPPS : Inscription à ordre","Eléments permettant de retrouver les informations d'inscription à un ordre par rapport à la profession de la personne physique sur une période et un département donnéSynonymes RPPS : Inscription à ordre","","","","","","","","","",,,,,"",,,,"ExerciceProfessionnel.InscriptionOrdre",0,*,"",""
"ExerciceProfessionnel.InscriptionOrdre.ordre","ExerciceProfessionnel.InscriptionOrdre.ordre","","","",0,1,"","","","Coding {[]} {[]}
","Instance de régulation d'une profession de santé réglementée.","Instance de régulation d'une profession de santé réglementée.","","","","","","","","","",,"preferred","","https://interop.esante.gouv.fr/terminologies/CodeSystem-TRE-R82-Ordre?vs","",,,,"ExerciceProfessionnel.InscriptionOrdre.ordre",0,1,"",""
"ExerciceProfessionnel.InscriptionOrdre.dateDebutInscription","ExerciceProfessionnel.InscriptionOrdre.dateDebutInscription","","","",0,1,"","","","date {[]} {[]}
","Date d’inscription de la personne au tableau de l’ordre.","Date d’inscription de la personne au tableau de l’ordre.","","","","","","","","","",,,,,"",,,,"ExerciceProfessionnel.InscriptionOrdre.dateDebutInscription",0,1,"",""
"ExerciceProfessionnel.InscriptionOrdre.dateRadiation","ExerciceProfessionnel.InscriptionOrdre.dateRadiation","","","",0,1,"","","","date {[]} {[]}
","Date à partir de laquelle la personne n’est plus autorisée à exercer la profession pour laquelle elle a été inscrite.","Date à partir de laquelle la personne n’est plus autorisée à exercer la profession pour laquelle elle a été inscrite.","","","","","","","","","",,,,,"",,,,"ExerciceProfessionnel.InscriptionOrdre.dateRadiation",0,1,"",""
"ExerciceProfessionnel.InscriptionOrdre.statutInscription","ExerciceProfessionnel.InscriptionOrdre.statutInscription","","","",0,1,"","","","Coding {[]} {[]}
","Information indiquant l’avancement du traitement du dossier d'inscription de la personne.","Information indiquant l’avancement du traitement du dossier d'inscription de la personne.","","","","","","","","","",,"preferred","","https://interop.esante.gouv.fr/terminologies/CodeSystem-TRE-R33-StatutInscription?vs","",,,,"ExerciceProfessionnel.InscriptionOrdre.statutInscription",0,1,"",""
"ExerciceProfessionnel.InscriptionOrdre.conseilDepartemental","ExerciceProfessionnel.InscriptionOrdre.conseilDepartemental","","","",0,1,"","","","Coding {[]} {[]}
","Département du Conseil départemental.","Département du Conseil départemental.","","","","","","","","","",,"preferred","","https://interop.esante.gouv.fr/terminologies/CodeSystem-TRE-G09-DepartementOM?vs","",,,,"ExerciceProfessionnel.InscriptionOrdre.conseilDepartemental",0,1,"",""
"ExerciceProfessionnel.AttributionParticuliere","ExerciceProfessionnel.AttributionParticuliere","","","",0,1,"","","","Base {[]} {[]}
","Activités ponctuelles du professionnel de type expertise.","Activités ponctuelles du professionnel de type expertise.","","","","","","","","","",,,,,"",,,,"ExerciceProfessionnel.AttributionParticuliere",0,1,"",""
"ExerciceProfessionnel.AttributionParticuliere.attributionParticuliere","ExerciceProfessionnel.AttributionParticuliere.attributionParticuliere","","","",0,1,"","","","Coding {[]} {[]}
","Attribution particulière.Par exemple : **Agrément : Autorisation d’un médecin généraliste ou spécialiste, formalisée par un agrément, à figurer sur une liste départementale établie par le Préfet sur proposition du directeur départemental de l'action sanitaire et sociale et après avis du conseil départemental de l'ordre des médecins et des syndicats départementaux des médecins.","Attribution particulière.Par exemple : **Agrément : Autorisation d’un médecin généraliste ou spécialiste, formalisée par un agrément, à figurer sur une liste départementale établie par le Préfet sur proposition du directeur départemental de l'action sanitaire et sociale et après avis du conseil départemental de l'ordre des médecins et des syndicats départementaux des médecins.","","","","","","","","","",,"preferred","","https://interop.esante.gouv.fr/terminologies/CodeSystem-TRE-R03-AttributionParticuliere?vs","",,,,"ExerciceProfessionnel.AttributionParticuliere.attributionParticuliere",0,1,"",""
"ExerciceProfessionnel.AttributionParticuliere.dateDebutReconnaissance","ExerciceProfessionnel.AttributionParticuliere.dateDebutReconnaissance","","","",0,1,"","","","date {[]} {[]}
","Date à partir de laquelle l'attribution particulière prend effet.","Date à partir de laquelle l'attribution particulière prend effet.","","","","","","","","","",,,,,"",,,,"ExerciceProfessionnel.AttributionParticuliere.dateDebutReconnaissance",0,1,"",""
"ExerciceProfessionnel.AttributionParticuliere.dateAbandon","ExerciceProfessionnel.AttributionParticuliere.dateAbandon","","","",0,1,"","","","date {[]} {[]}
","Date à laquelle le professionnel ne veut plus faire apparaître cette attribution.","Date à laquelle le professionnel ne veut plus faire apparaître cette attribution.","","","","","","","","","",,,,,"",,,,"ExerciceProfessionnel.AttributionParticuliere.dateAbandon",0,1,"",""
"ExerciceProfessionnel.NiveauFormation","ExerciceProfessionnel.NiveauFormation","","","",0,*,"","","","Base {[]} {[]}
","Le niveau de formation décrit le niveau de formation de l’étudiant, comme demandé par le décret n°2010-701 et complété par le décret n°2011-462.","Le niveau de formation décrit le niveau de formation de l’étudiant, comme demandé par le décret n°2010-701 et complété par le décret n°2011-462.","","","","","","","","","",,,,,"",,,,"ExerciceProfessionnel.NiveauFormation",0,*,"",""
"ExerciceProfessionnel.NiveauFormation.diplome","ExerciceProfessionnel.NiveauFormation.diplome","","","",0,1,"","","","https://interop.esante.gouv.fr/ig/fhir/mos/StructureDefinition/Diplome {[]} {[]}
","Diplôme acquis pour les cycles terminés (cas des diplômes de deuxième cycle pour étudiants qui font un troisième cycle) ou diplôme préparé pour les cycles en cours.","Diplôme acquis pour les cycles terminés (cas des diplômes de deuxième cycle pour étudiants qui font un troisième cycle) ou diplôme préparé pour les cycles en cours.","","","","","","","","","",,,,,"",,,,"ExerciceProfessionnel.NiveauFormation.diplome",0,1,"",""
"ExerciceProfessionnel.NiveauFormation.natureCycleFormation","ExerciceProfessionnel.NiveauFormation.natureCycleFormation","","","",0,1,"","","","Coding {[]} {[]}
","Nature du cycle de formation:- Deuxième cycle,- Troisième cycle court,- Troisième cycle long/Internat.","Nature du cycle de formation:- Deuxième cycle,- Troisième cycle court,- Troisième cycle long/Internat.","","","","","","","","","",,"preferred","","https://interop.esante.gouv.fr/terminologies/CodeSystem-TRE-R223-NatCycleForm?vs","",,,,"ExerciceProfessionnel.NiveauFormation.natureCycleFormation",0,1,"",""
"ExerciceProfessionnel.NiveauFormation.niveauFormationAcquis","ExerciceProfessionnel.NiveauFormation.niveauFormationAcquis","","","",0,1,"","","","Coding {[]} {[]}
","Niveau de validité dans le cycle de formation.","Niveau de validité dans le cycle de formation.","","","","","","","","","",,"preferred","","https://interop.esante.gouv.fr/terminologies/CodeSystem-TRE-R224-NiveauFormAcquis?vs","",,,,"ExerciceProfessionnel.NiveauFormation.niveauFormationAcquis",0,1,"",""
"ExerciceProfessionnel.NiveauFormation.anneeUniversitaire","ExerciceProfessionnel.NiveauFormation.anneeUniversitaire","","","",0,1,"","","","Coding {[]} {[]}
","Année universitaire, exemple : 2015-2016.","Année universitaire, exemple : 2015-2016.","","","","","","","","","",,"preferred","","https://interop.esante.gouv.fr/terminologies/CodeSystem-TRE-R225-AnneeUniversitaire?vs","",,,,"ExerciceProfessionnel.NiveauFormation.anneeUniversitaire",0,1,"",""
"ExerciceProfessionnel.NiveauFormation.dateFin","ExerciceProfessionnel.NiveauFormation.dateFin","","","",0,1,"","","","date {[]} {[]}
","Date à laquelle le niveau de formation n’est plus actif (non visible hormis dans les données historisées). Cette date est renseignée par l’ordre à la clôture de l’exercice professionnel.","Date à laquelle le niveau de formation n’est plus actif (non visible hormis dans les données historisées). Cette date est renseignée par l’ordre à la clôture de l’exercice professionnel.","","","","","","","","","",,,,,"",,,,"ExerciceProfessionnel.NiveauFormation.dateFin",0,1,"",""
"ExerciceProfessionnel.professionnel","ExerciceProfessionnel.professionnel","","","",1,1,"","","","Reference {[]} {[CanonicalType[https://interop.esante.gouv.fr/ig/fhir/mos/StructureDefinition/Professionnel]]}
","Lien vers la classe Professionnel.","Lien vers la classe Professionnel.","","","","","","","","","",,,,,"",,,,"ExerciceProfessionnel.professionnel",1,1,"",""
