"Id","Path","Slice Name","Alias(s)","Label","Min","Max","Must Support?","Is Modifier?","Is Summary?","Type(s)","Short","Definition","Comments","Requirements","Default Value","Meaning When Missing","Fixed Value","Pattern","Example","Minimum Value","Maximum Value","Maximum Length","Binding Strength","Binding Description","Binding Value Set","Code","Slicing Discriminator","Slicing Description","Slicing Ordered","Slicing Rules","Base Path","Base Min","Base Max","Condition(s)","Constraint(s)"
"CapaciteSavoirfaire","CapaciteSavoirfaire","","","",0,*,"","","","null {[]} {[]}
","La capacité, en tant que savoir-faire, représente la reconnaissance par l'ordre d'un diplôme de capacité. Elle complète les savoir-faire principaux, notamment les spécialités.Une capacité est un type de savoir-faire. La classe Capacite est représentée dans le modèle comme une spécialisation de la classe SavoirFaire et à ce titre, elle hérite des attributs et des associations de cette classe.","La capacité, en tant que savoir-faire, représente la reconnaissance par l'ordre d'un diplôme de capacité. Elle complète les savoir-faire principaux, notamment les spécialités.Une capacité est un type de savoir-faire. La classe Capacite est représentée dans le modèle comme une spécialisation de la classe SavoirFaire et à ce titre, elle hérite des attributs et des associations de cette classe.","","","","","","","","","",,,,,"",,,,"Base",0,*,"",""
"CapaciteSavoirfaire.typeSavoirFaire","CapaciteSavoirfaire.typeSavoirFaire","","","",0,1,"","","","Coding {[]} {[]}
","Le type de savoir-faire (qualifications/autres attributions) désigne par exemple:** une spécialité ordinale (S);** une compétence (C);** etc.","Le type de savoir-faire (qualifications/autres attributions) désigne par exemple:** une spécialité ordinale (S);** une compétence (C);** etc.","","","","","","","","","",,"preferred","","https://interop.esante.gouv.fr/terminologies/CodeSystem-TRE-R04-TypeSavoirFaire?vs","",,,,"SavoirFaire.typeSavoirFaire",0,1,"",""
"CapaciteSavoirfaire.dateReconnaissance","CapaciteSavoirfaire.dateReconnaissance","","","",0,1,"","","","date {[]} {[]}
","Date à laquelle, l’organisme donnant l’autorisation d’exercer une qualification a reconnu cette qualification ou date à laquelle l'attribution a été donnée au professionnel.","Date à laquelle, l’organisme donnant l’autorisation d’exercer une qualification a reconnu cette qualification ou date à laquelle l'attribution a été donnée au professionnel.","","","","","","","","","",,,,,"",,,,"SavoirFaire.dateReconnaissance",0,1,"",""
"CapaciteSavoirfaire.dateAbandon","CapaciteSavoirfaire.dateAbandon","","","",0,1,"","","","date {[]} {[]}
","Date à laquelle le professionnel a déclaré renoncer à l’exercice d’un savoir-faire ou date à laquelle il ne souhaite plus le faire apparaître.","Date à laquelle le professionnel a déclaré renoncer à l’exercice d’un savoir-faire ou date à laquelle il ne souhaite plus le faire apparaître.","","","","","","","","","",,,,,"",,,,"SavoirFaire.dateAbandon",0,1,"",""
"CapaciteSavoirfaire.capaciteSavoirFaire","CapaciteSavoirfaire.capaciteSavoirFaire","","","",0,1,"","","","Coding {[]} {[]}
","Savoir-faire de type capacité de médecine (diplôme permettant aux docteurs en médecine d'acquérir des compétences supplémentaires).","Savoir-faire de type capacité de médecine (diplôme permettant aux docteurs en médecine d'acquérir des compétences supplémentaires).","","","","","","","","","",,"preferred","","https://interop.esante.gouv.fr/ig/fhir/mos/ValueSet/capaciteSavoirFaire-vs","",,,,"CapaciteSavoirfaire.capaciteSavoirFaire",0,1,"",""
