<?xml version="1.0" encoding="UTF-8"?>

<ValueSet xmlns="http://hl7.org/fhir">
  <id value="role-vs"/>
  <text>
    <status value="generated"/><div xmlns="http://www.w3.org/1999/xhtml"><p class="res-header-id"><b>Narratif généré : EnsembleValeurs role-vs</b></p><a name="role-vs"> </a><a name="hcrole-vs"> </a><p>Ce jeu de valeur (ValueSet) inclut les codes selon les règles suivantes :</p><ul><li>Inclut tous les codes définis dans <code>https://ansforge.github.io/IG-terminologie-de-sante/ig/main/CodeSystem-TRE-R21-Fonction</code></li><li>Inclut tous les codes définis dans <code>https://ansforge.github.io/IG-terminologie-de-sante/ig/main/CodeSystem-TRE-R96-AutreFonctionSanitaire</code></li><li>Inclut tous les codes définis dans <code>https://ansforge.github.io/IG-terminologie-de-sante/ig/main/CodeSystem-TRE-R85-RolePriseCharge</code></li></ul></div>
  </text>
  <url value="https://interop.esante.gouv.fr/ig/fhir/mos/ValueSet/role-vs"/>
  <version value="0.1.0"/>
  <status value="draft"/>
  <date value="2025-07-16T13:52:06+00:00"/>
  <publisher value="Agence du Numérique en Santé (ANS) - 2-10 Rue d'Oradour-sur-Glane, 75015 Paris"/>
  <contact>
    <name value="Agence du Numérique en Santé (ANS) - 2-10 Rue d'Oradour-sur-Glane, 75015 Paris"/>
    <telecom>
      <system value="url"/>
      <value value="https://esante.gouv.fr"/>
    </telecom>
  </contact>
  <jurisdiction>
    <coding>
      <system value="urn:iso:std:iso:3166"/>
      <code value="FR"/>
      <display value="FRANCE"/>
    </coding>
  </jurisdiction>
  <compose>
    <include>
      <system value="https://ansforge.github.io/IG-terminologie-de-sante/ig/main/CodeSystem-TRE-R21-Fonction"/>
    </include>
    <include>
      <system value="https://ansforge.github.io/IG-terminologie-de-sante/ig/main/CodeSystem-TRE-R96-AutreFonctionSanitaire"/>
    </include>
    <include>
      <system value="https://ansforge.github.io/IG-terminologie-de-sante/ig/main/CodeSystem-TRE-R85-RolePriseCharge"/>
    </include>
  </compose>
</ValueSet>