{
  "resourceType" : "ValueSet",
  "id" : "secteurActivite-vs",
  "text" : {
    "status" : "generated",
    "div" : "<div xmlns=\"http://www.w3.org/1999/xhtml\"><p class=\"res-header-id\"><b>Narratif généré : EnsembleValeurs secteurActivite-vs</b></p><a name=\"secteurActivite-vs\"> </a><a name=\"hcsecteurActivite-vs\"> </a><p>Ce jeu de valeur (ValueSet) inclut les codes selon les règles suivantes :</p><ul><li>Inclut tous les codes définis dans <a href=\"https://interop.esante.gouv.fr/terminologies/1.1.0/CodeSystem-TRE-R02-SecteurActivite.html\"><code>https://mos.esante.gouv.fr/NOS/TRE_R02-SecteurActivite/FHIR/TRE-R02-SecteurActivite</code></a><span title=\"Version is not explicitly stated, which means it is fixed to 20250523120000, the version found through the package references\"> version &#x1F4E6;20250523120000</span></li><li>Inclut tous les codes définis dans <a href=\"https://interop.esante.gouv.fr/terminologies/1.1.0/CodeSystem-TRE-G19-SecteurActiviteADELI.html\"><code>https://mos.esante.gouv.fr/NOS/TRE_G19-SecteurActiviteADELI/FHIR/TRE-G19-SecteurActiviteADELI</code></a><span title=\"Version is not explicitly stated, which means it is fixed to 20250523120000, the version found through the package references\"> version &#x1F4E6;20250523120000</span></li></ul></div>"
  },
  "url" : "https://interop.esante.gouv.fr/ig/mos/ValueSet/secteurActivite-vs",
  "version" : "0.1.0",
  "name" : "SecteuractiviteVs",
  "status" : "draft",
  "date" : "2025-10-29T15:03:41+00:00",
  "publisher" : "Agence du Numérique en Santé (ANS) - 2-10 Rue d'Oradour-sur-Glane, 75015 Paris",
  "contact" : [{
    "name" : "Agence du Numérique en Santé (ANS) - 2-10 Rue d'Oradour-sur-Glane, 75015 Paris",
    "telecom" : [{
      "system" : "url",
      "value" : "https://esante.gouv.fr"
    }]
  }],
  "jurisdiction" : [{
    "coding" : [{
      "system" : "urn:iso:std:iso:3166",
      "code" : "FR",
      "display" : "FRANCE"
    }]
  }],
  "compose" : {
    "include" : [{
      "system" : "https://mos.esante.gouv.fr/NOS/TRE_R02-SecteurActivite/FHIR/TRE-R02-SecteurActivite"
    },
    {
      "system" : "https://mos.esante.gouv.fr/NOS/TRE_G19-SecteurActiviteADELI/FHIR/TRE-G19-SecteurActiviteADELI"
    }]
  }
}