{
  "resourceType" : "ValueSet",
  "id" : "competenceExclusive-vs",
  "text" : {
    "status" : "generated",
    "div" : "<div xmlns=\"http://www.w3.org/1999/xhtml\"><p class=\"res-header-id\"><b>Narratif généré : EnsembleValeurs competenceExclusive-vs</b></p><a name=\"competenceExclusive-vs\"> </a><a name=\"hccompetenceExclusive-vs\"> </a><p>Ce jeu de valeur (ValueSet) inclut les codes selon les règles suivantes :</p><ul><li>Inclut tous les codes définis dans <a href=\"https://interop.esante.gouv.fr/terminologies/1.1.0/CodeSystem-TRE-R01-EnsembleSavoirFaire-CISIS.html\"><code>https://mos.esante.gouv.fr/NOS/TRE_R01-EnsembleSavoirFaire-CISIS/FHIR/TRE-R01-EnsembleSavoirFaire-CISIS</code></a><span title=\"Version is not explicitly stated, which means it is fixed to 20241213120000, the version found through the package references\"> version &#x1F4E6;20241213120000</span></li><li>Inclut tous les codes définis dans <a href=\"https://interop.esante.gouv.fr/terminologies/1.1.0/CodeSystem-TRE-R40-CompetenceExclusive.html\"><code>https://mos.esante.gouv.fr/NOS/TRE_R40-CompetenceExclusive/FHIR/TRE-R40-CompetenceExclusive</code></a><span title=\"Version is not explicitly stated, which means it is fixed to 20231215120000, the version found through the package references\"> version &#x1F4E6;20231215120000</span></li></ul></div>"
  },
  "url" : "https://interop.esante.gouv.fr/ig/mos/ValueSet/competenceExclusive-vs",
  "version" : "0.1.0",
  "name" : "CompetenceexclusiveVs",
  "status" : "draft",
  "date" : "2025-11-27T17:02:40+00:00",
  "publisher" : "Agence du Numérique en Santé (ANS) - 2-10 Rue d'Oradour-sur-Glane, 75015 Paris",
  "contact" : [{
    "name" : "Agence du Numérique en Santé (ANS) - 2-10 Rue d'Oradour-sur-Glane, 75015 Paris",
    "telecom" : [{
      "system" : "url",
      "value" : "https://esante.gouv.fr"
    }]
  }],
  "jurisdiction" : [{
    "coding" : [{
      "system" : "urn:iso:std:iso:3166",
      "code" : "FR",
      "display" : "FRANCE"
    }]
  }],
  "compose" : {
    "include" : [{
      "system" : "https://mos.esante.gouv.fr/NOS/TRE_R01-EnsembleSavoirFaire-CISIS/FHIR/TRE-R01-EnsembleSavoirFaire-CISIS"
    },
    {
      "system" : "https://mos.esante.gouv.fr/NOS/TRE_R40-CompetenceExclusive/FHIR/TRE-R40-CompetenceExclusive"
    }]
  }
}