<?xml version="1.0" encoding="UTF-8"?>

<ValueSet xmlns="http://hl7.org/fhir">
  <id value="professionRessource-vs"/>
  <text>
    <status value="generated"/><div xmlns="http://www.w3.org/1999/xhtml"><p class="res-header-id"><b>Narratif généré : EnsembleValeurs professionRessource-vs</b></p><a name="professionRessource-vs"> </a><a name="hcprofessionRessource-vs"> </a><p>Ce jeu de valeur (ValueSet) inclut les codes selon les règles suivantes :</p><ul><li>Inclut tous les codes définis dans <a href="https://interop.esante.gouv.fr/terminologies/1.1.0/CodeSystem-TRE-R356-ProfessionRessource.html"><code>https://mos.esante.gouv.fr/NOS/TRE_R356-ProfessionRessource/FHIR/TRE-R356-ProfessionRessource</code></a><span title="Version is not explicitly stated, which means it is fixed to 20250623120000, the version found through the package references"> version &#x1F4E6;20250623120000</span></li><li>Inclut tous les codes définis dans <a href="https://interop.esante.gouv.fr/terminologies/1.1.0/CodeSystem-TRE-R94-ProfessionSocial.html"><code>https://mos.esante.gouv.fr/NOS/TRE_R94-ProfessionSocial/FHIR/TRE-R94-ProfessionSocial</code></a><span title="Version is not explicitly stated, which means it is fixed to 20241213120000, the version found through the package references"> version &#x1F4E6;20241213120000</span></li></ul></div>
  </text>
  <url value="https://interop.esante.gouv.fr/ig/mos/ValueSet/professionRessource-vs"/>
  <version value="0.1.0"/>
  <name value="ProfessionressourceVs"/>
  <status value="draft"/>
  <date value="2025-10-29T12:55:39+00:00"/>
  <publisher value="Agence du Numérique en Santé (ANS) - 2-10 Rue d'Oradour-sur-Glane, 75015 Paris"/>
  <contact>
    <name value="Agence du Numérique en Santé (ANS) - 2-10 Rue d'Oradour-sur-Glane, 75015 Paris"/>
    <telecom>
      <system value="url"/>
      <value value="https://esante.gouv.fr"/>
    </telecom>
  </contact>
  <jurisdiction>
    <coding>
      <system value="urn:iso:std:iso:3166"/>
      <code value="FR"/>
      <display value="FRANCE"/>
    </coding>
  </jurisdiction>
  <compose>
    <include>
      <system value="https://mos.esante.gouv.fr/NOS/TRE_R356-ProfessionRessource/FHIR/TRE-R356-ProfessionRessource"/>
    </include>
    <include>
      <system value="https://mos.esante.gouv.fr/NOS/TRE_R94-ProfessionSocial/FHIR/TRE-R94-ProfessionSocial"/>
    </include>
  </compose>
</ValueSet>