"Id","Path","Slice Name","Alias(s)","Label","Min","Max","Must Support?","Is Modifier?","Is Summary?","Type(s)","Short","Definition","Comments","Requirements","Default Value","Meaning When Missing","Fixed Value","Pattern","Example","Minimum Value","Maximum Value","Maximum Length","Binding Strength","Binding Description","Binding Value Set","Code","Slicing Discriminator","Slicing Description","Slicing Ordered","Slicing Rules","Base Path","Base Min","Base Max","Condition(s)","Constraint(s)"
"DiplomeDivers","DiplomeDivers","","","",0,*,"","","","null {[]} {[]}
"," Cette classe regroupe les diplômes qui ne peuvent être classés dans un type de diplôme explicite (CES, DESC1, DESC2, etc.).La classe DiplomeDivers est représentée dans le modèle comme une spécialisation de la classe Diplome et à ce titre, elle hérite des attributs et des associations de cette classe."," Cette classe regroupe les diplômes qui ne peuvent être classés dans un type de diplôme explicite (CES, DESC1, DESC2, etc.).La classe DiplomeDivers est représentée dans le modèle comme une spécialisation de la classe Diplome et à ce titre, elle hérite des attributs et des associations de cette classe.","","","","","","","","","",,,,,"",,,,"Base",0,*,"",""
"DiplomeDivers.typeDiplome","DiplomeDivers.typeDiplome","","","",0,1,"","","","Coding {[]} {[]}
"," Type de diplôme, par exemple:** DE : Diplôme d’Etat français** CES : Certificat d’Etudes Spéciales** DES : Diplôme d'Etudes Spécialisées** etc."," Type de diplôme, par exemple:** DE : Diplôme d’Etat français** CES : Certificat d’Etudes Spéciales** DES : Diplôme d'Etudes Spécialisées** etc.","","","","","","","","","",,"preferred","","https://interop.esante.gouv.fr/terminologies/CodeSystem-TRE-R14-TypeDiplome?vs","",,,,"Diplome.typeDiplome",0,1,"",""
"DiplomeDivers.lieuFormation","DiplomeDivers.lieuFormation","","","",0,1,"","","","Coding {[]} {[]}
"," Lieu de formation pour l'obtention du diplôme. Par exemple:** U37 : Université de Tours (Université François Rabelais)** UP5 : Université de Paris 05 (Université René Descartes)."," Lieu de formation pour l'obtention du diplôme. Par exemple:** U37 : Université de Tours (Université François Rabelais)** UP5 : Université de Paris 05 (Université René Descartes).","","","","","","","","","",,"preferred","","https://interop.esante.gouv.fr/terminologies/CodeSystem-TRE-R16-LieuFormation?vs","",,,,"Diplome.lieuFormation",0,1,"",""
"DiplomeDivers.dateDiplome","DiplomeDivers.dateDiplome","","","",0,1,"","","","date {[]} {[]}
"," Date d’obtention du diplôme."," Date d’obtention du diplôme.","","","","","","","","","",,,,,"",,,,"Diplome.dateDiplome",0,1,"",""
"DiplomeDivers.numeroDiplome","DiplomeDivers.numeroDiplome","","","",0,1,"","","","string {[]} {[]}
"," Numéro du diplôme."," Numéro du diplôme.","","","","","","","","","",,,,,"",,,,"Diplome.numeroDiplome",0,1,"",""
"DiplomeDivers.diplomeDivers","DiplomeDivers.diplomeDivers","","","",0,1,"","","","Coding {[]} {[]}
"," Autre type de diplôme obtenu."," Autre type de diplôme obtenu.","","","","","","","","","",,"preferred","","https://interop.esante.gouv.fr/terminologies/CodeSystem-TRE-R58-AutreTypeDiplome?vs","",,,,"DiplomeDivers.diplomeDivers",0,1,"",""
