"Id","Path","Slice Name","Alias(s)","Label","Min","Max","Must Support?","Is Modifier?","Is Summary?","Type(s)","Short","Definition","Comments","Requirements","Default Value","Meaning When Missing","Fixed Value","Pattern","Example","Minimum Value","Maximum Value","Maximum Length","Binding Strength","Binding Description","Binding Value Set","Code","Slicing Discriminator","Slicing Description","Slicing Ordered","Slicing Rules","Base Path","Base Min","Base Max","Condition(s)","Constraint(s)"
"FonctionQualifiee","FonctionQualifiee","","","",0,*,"","","","null {[]} {[]}
","Expérience pratique exigée par le code de la santé publique (art R5124-16) pour exercer certaines fonctions dans l’industrie pharmaceutique et la distribution en gros. Ces dispositions s’appliquent uniquement à la profession de pharmacien.L’expérience pratique est en liaison avec les activités de l’établissement pharmaceutique telles que définies par l’ANSM ou l’ANSES.A ce jour, cinq expériences pratiques sont identifiées dont trois sont imbriquées. L’expérience pratique de ""Fabricant"" inclut celle d’""Exploitant"" qui inclut celle de ""Distribution"".  Une fonction qualifiée est un type de savoir-faire. La classe FonctionQualifiee est représentée dans le modèle comme une spécialisation de la classe SavoirFaire et à ce titre, elle hérite des attributs et des associations de cette classe.","Expérience pratique exigée par le code de la santé publique (art R5124-16) pour exercer certaines fonctions dans l’industrie pharmaceutique et la distribution en gros. Ces dispositions s’appliquent uniquement à la profession de pharmacien.L’expérience pratique est en liaison avec les activités de l’établissement pharmaceutique telles que définies par l’ANSM ou l’ANSES.A ce jour, cinq expériences pratiques sont identifiées dont trois sont imbriquées. L’expérience pratique de ""Fabricant"" inclut celle d’""Exploitant"" qui inclut celle de ""Distribution"".  Une fonction qualifiée est un type de savoir-faire. La classe FonctionQualifiee est représentée dans le modèle comme une spécialisation de la classe SavoirFaire et à ce titre, elle hérite des attributs et des associations de cette classe.","","","","","","","","","",,,,,"",,,,"Base",0,*,"",""
"FonctionQualifiee.typeSavoirFaire","FonctionQualifiee.typeSavoirFaire","","","",0,1,"","","","Coding {[]} {[]}
","Le type de savoir-faire (qualifications/autres attributions) désigne par exemple:** une spécialité ordinale (S);** une compétence (C);** etc.","Le type de savoir-faire (qualifications/autres attributions) désigne par exemple:** une spécialité ordinale (S);** une compétence (C);** etc.","","","","","","","","","",,"preferred","","https://mos.esante.gouv.fr/NOS/TRE_R04-TypeSavoirFaire/FHIR/TRE-R04-TypeSavoirFaire?vs","",,,,"SavoirFaire.typeSavoirFaire",0,1,"",""
"FonctionQualifiee.dateReconnaissance","FonctionQualifiee.dateReconnaissance","","","",0,1,"","","","date {[]} {[]}
","Date à laquelle, l’organisme donnant l’autorisation d’exercer une qualification a reconnu cette qualification ou date à laquelle l'attribution a été donnée au professionnel.","Date à laquelle, l’organisme donnant l’autorisation d’exercer une qualification a reconnu cette qualification ou date à laquelle l'attribution a été donnée au professionnel.","","","","","","","","","",,,,,"",,,,"SavoirFaire.dateReconnaissance",0,1,"",""
"FonctionQualifiee.dateAbandon","FonctionQualifiee.dateAbandon","","","",0,1,"","","","date {[]} {[]}
","Date à laquelle le professionnel a déclaré renoncer à l’exercice d’un savoir-faire ou date à laquelle il ne souhaite plus le faire apparaître.","Date à laquelle le professionnel a déclaré renoncer à l’exercice d’un savoir-faire ou date à laquelle il ne souhaite plus le faire apparaître.","","","","","","","","","",,,,,"",,,,"SavoirFaire.dateAbandon",0,1,"",""
"FonctionQualifiee.fonctionQualifiee","FonctionQualifiee.fonctionQualifiee","","","",0,1,"","","","Coding {[]} {[]}
","Fonction qualifiée.","Fonction qualifiée.","","","","","","","","","",,"preferred","","https://interop.esante.gouv.fr/ig/fhir/mos/ValueSet/fonctionQualifiee-vs","",,,,"FonctionQualifiee.fonctionQualifiee",0,1,"",""
