"Id","Path","Slice Name","Alias(s)","Label","Min","Max","Must Support?","Is Modifier?","Is Summary?","Type(s)","Short","Definition","Comments","Requirements","Default Value","Meaning When Missing","Fixed Value","Pattern","Example","Minimum Value","Maximum Value","Maximum Length","Binding Strength","Binding Description","Binding Value Set","Code","Slicing Discriminator","Slicing Description","Slicing Ordered","Slicing Rules","Base Path","Base Min","Base Max","Condition(s)","Constraint(s)"
"QualificationPAC","QualificationPAC","","","",0,*,"","","","null {[]} {[]}
","La qualification de praticien adjoint contractuel autorise à exercer en établissement sans être qualifié ni en médecine générale, ni en spécialité. Cela concerne des médecins à diplôme étranger dont la qualification a été reconnue avant l'instauration de l'autorisation d'exercice, et qui n'ont pas fait de démarche pour obtenir cette autorisation (environ 500 médecins concernés).Une qualification de praticien adjoint contractuel est un type de savoir-faire. La classe QualificationPAC est représentée dans le modèle comme une spécialisation de la classe SavoirFaire et à ce titre, elle hérite des attributs et des associations de cette classe.","La qualification de praticien adjoint contractuel autorise à exercer en établissement sans être qualifié ni en médecine générale, ni en spécialité. Cela concerne des médecins à diplôme étranger dont la qualification a été reconnue avant l'instauration de l'autorisation d'exercice, et qui n'ont pas fait de démarche pour obtenir cette autorisation (environ 500 médecins concernés).Une qualification de praticien adjoint contractuel est un type de savoir-faire. La classe QualificationPAC est représentée dans le modèle comme une spécialisation de la classe SavoirFaire et à ce titre, elle hérite des attributs et des associations de cette classe.","","","","","","","","","",,,,,"",,,,"Base",0,*,"",""
"QualificationPAC.typeSavoirFaire","QualificationPAC.typeSavoirFaire","","","",0,1,"","","","Coding {[]} {[]}
","Le type de savoir-faire (qualifications/autres attributions) désigne par exemple:** une spécialité ordinale (S);** une compétence (C);** etc.","Le type de savoir-faire (qualifications/autres attributions) désigne par exemple:** une spécialité ordinale (S);** une compétence (C);** etc.","","","","","","","","","",,"preferred","","https://mos.esante.gouv.fr/NOS/TRE_R04-TypeSavoirFaire/FHIR/TRE-R04-TypeSavoirFaire?vs","",,,,"SavoirFaire.typeSavoirFaire",0,1,"",""
"QualificationPAC.dateReconnaissance","QualificationPAC.dateReconnaissance","","","",0,1,"","","","date {[]} {[]}
","Date à laquelle, l’organisme donnant l’autorisation d’exercer une qualification a reconnu cette qualification ou date à laquelle l'attribution a été donnée au professionnel.","Date à laquelle, l’organisme donnant l’autorisation d’exercer une qualification a reconnu cette qualification ou date à laquelle l'attribution a été donnée au professionnel.","","","","","","","","","",,,,,"",,,,"SavoirFaire.dateReconnaissance",0,1,"",""
"QualificationPAC.dateAbandon","QualificationPAC.dateAbandon","","","",0,1,"","","","date {[]} {[]}
","Date à laquelle le professionnel a déclaré renoncer à l’exercice d’un savoir-faire ou date à laquelle il ne souhaite plus le faire apparaître.","Date à laquelle le professionnel a déclaré renoncer à l’exercice d’un savoir-faire ou date à laquelle il ne souhaite plus le faire apparaître.","","","","","","","","","",,,,,"",,,,"SavoirFaire.dateAbandon",0,1,"",""
"QualificationPAC.exerciceProfessionnel","QualificationPAC.exerciceProfessionnel","","","",1,1,"","","","Reference {[]} {[CanonicalType[https://interop.esante.gouv.fr/ig/mos/StructureDefinition/ExerciceProfessionnel]]}
","Lien vers la classe ExerciceProfessionnel.","Lien vers la classe ExerciceProfessionnel.","","","","","","","","","",,,,,"",,,,"SavoirFaire.exerciceProfessionnel",1,1,"",""
"QualificationPAC.qualificationPAC","QualificationPAC.qualificationPAC","","","",0,1,"","","","Coding {[]} {[]}
","Qualification de praticien adjoint contractuel.","Qualification de praticien adjoint contractuel.","","","","","","","","","",,"preferred","","https://interop.esante.gouv.fr/ig/mos/ValueSet/qualificationPAC-vs","",,,,"QualificationPAC.qualificationPAC",0,1,"",""
