"Id","Path","Slice Name","Alias(s)","Label","Min","Max","Must Support?","Is Modifier?","Is Summary?","Type(s)","Short","Definition","Comments","Requirements","Default Value","Meaning When Missing","Fixed Value","Pattern","Example","Minimum Value","Maximum Value","Maximum Length","Binding Strength","Binding Description","Binding Value Set","Code","Slicing Discriminator","Slicing Description","Slicing Ordered","Slicing Rules","Base Path","Base Min","Base Max","Condition(s)","Constraint(s)"
"DiplomeDeuxiemeCycleNonQualifiant","DiplomeDeuxiemeCycleNonQualifiant","","","",0,*,"","","","null {[]} {[]}
","Le diplôme de deuxième cycle non qualifiant enregistre un niveau de formation de fin de deuxième cycle, qui sanctionne une partie des études requises à l’exercice de la profession.Il ne donne pas droit à l’exercice de la profession  et son obtention ne change pas la qualification à venir des titulaires lorsqu’ils exerceront.","Le diplôme de deuxième cycle non qualifiant enregistre un niveau de formation de fin de deuxième cycle, qui sanctionne une partie des études requises à l’exercice de la profession.Il ne donne pas droit à l’exercice de la profession  et son obtention ne change pas la qualification à venir des titulaires lorsqu’ils exerceront.","","","","","","","","","",,,,,"",,,,"Base",0,*,"",""
"DiplomeDeuxiemeCycleNonQualifiant.typeDiplome","DiplomeDeuxiemeCycleNonQualifiant.typeDiplome","","","",0,1,"","","","Coding {[]} {[]}
","Type de diplôme, par exemple:** DE : Diplôme d’Etat français** CES : Certificat d’Etudes Spéciales** DES : Diplôme d'Etudes Spécialisées** etc.","Type de diplôme, par exemple:** DE : Diplôme d’Etat français** CES : Certificat d’Etudes Spéciales** DES : Diplôme d'Etudes Spécialisées** etc.","","","","","","","","","",,"preferred","","https://interop.esante.gouv.fr/terminologies/CodeSystem-TRE-R14-TypeDiplome?vs","",,,,"Diplome.typeDiplome",0,1,"",""
"DiplomeDeuxiemeCycleNonQualifiant.lieuFormation","DiplomeDeuxiemeCycleNonQualifiant.lieuFormation","","","",0,1,"","","","Coding {[]} {[]}
","Lieu de formation pour l'obtention du diplôme. Par exemple:** U37 : Université de Tours (Université François Rabelais)** UP5 : Université de Paris 05 (Université René Descartes).","Lieu de formation pour l'obtention du diplôme. Par exemple:** U37 : Université de Tours (Université François Rabelais)** UP5 : Université de Paris 05 (Université René Descartes).","","","","","","","","","",,"preferred","","https://interop.esante.gouv.fr/terminologies/CodeSystem-TRE-R16-LieuFormation?vs","",,,,"Diplome.lieuFormation",0,1,"",""
"DiplomeDeuxiemeCycleNonQualifiant.dateDiplome","DiplomeDeuxiemeCycleNonQualifiant.dateDiplome","","","",0,1,"","","","date {[]} {[]}
","Date d’obtention du diplôme.","Date d’obtention du diplôme.","","","","","","","","","",,,,,"",,,,"Diplome.dateDiplome",0,1,"",""
"DiplomeDeuxiemeCycleNonQualifiant.numeroDiplome","DiplomeDeuxiemeCycleNonQualifiant.numeroDiplome","","","",0,1,"","","","string {[]} {[]}
","Numéro du diplôme.","Numéro du diplôme.","","","","","","","","","",,,,,"",,,,"Diplome.numeroDiplome",0,1,"",""
"DiplomeDeuxiemeCycleNonQualifiant.diplomeDeuxiemeCycleNonQualifiant","DiplomeDeuxiemeCycleNonQualifiant.diplomeDeuxiemeCycleNonQualifiant","","","",0,1,"","","","Coding {[]} {[]}
","Diplôme de deuxième cycle non qualifiant.","Diplôme de deuxième cycle non qualifiant.","","","","","","","","","",,"preferred","","https://interop.esante.gouv.fr/terminologies/CodeSystem-TRE-R226-Dip2iemeCycleNQ?vs","",,,,"DiplomeDeuxiemeCycleNonQualifiant.diplomeDeuxiemeCycleNonQualifiant",0,1,"",""
