{
  "resourceType" : "ValueSet",
  "id" : "lieuNaissance-vs",
  "text" : {
    "status" : "generated",
    "div" : "<div xmlns=\"http://www.w3.org/1999/xhtml\"><p class=\"res-header-id\"><b>Narratif généré : EnsembleValeurs lieuNaissance-vs</b></p><a name=\"lieuNaissance-vs\"> </a><a name=\"hclieuNaissance-vs\"> </a><p>Ce jeu de valeur (ValueSet) inclut les codes selon les règles suivantes :</p><ul><li>Inclut tous les codes définis dans <code>https://interop.esante.gouv.fr/terminologies/CodeSystem-TRE-R20-Pays</code></li><li>Inclut tous les codes définis dans <code>https://interop.esante.gouv.fr/terminologies/CodeSystem-TRE-R13-CommuneOM</code></li></ul></div>"
  },
  "url" : "https://interop.esante.gouv.fr/ig/fhir/mos/ValueSet/lieuNaissance-vs",
  "version" : "0.1.0",
  "name" : "LieunaissanceVs",
  "status" : "draft",
  "date" : "2025-07-24T13:47:46+00:00",
  "publisher" : "Agence du Numérique en Santé (ANS) - 2-10 Rue d'Oradour-sur-Glane, 75015 Paris",
  "contact" : [{
    "name" : "Agence du Numérique en Santé (ANS) - 2-10 Rue d'Oradour-sur-Glane, 75015 Paris",
    "telecom" : [{
      "system" : "url",
      "value" : "https://esante.gouv.fr"
    }]
  }],
  "jurisdiction" : [{
    "coding" : [{
      "system" : "urn:iso:std:iso:3166",
      "code" : "FR",
      "display" : "FRANCE"
    }]
  }],
  "compose" : {
    "include" : [{
      "system" : "https://interop.esante.gouv.fr/terminologies/CodeSystem-TRE-R20-Pays"
    },
    {
      "system" : "https://interop.esante.gouv.fr/terminologies/CodeSystem-TRE-R13-CommuneOM"
    }]
  }
}