{
  "resourceType" : "ValueSet",
  "id" : "role-vs",
  "text" : {
    "status" : "generated",
    "div" : "<div xmlns=\"http://www.w3.org/1999/xhtml\"><p class=\"res-header-id\"><b>Narratif généré : EnsembleValeurs role-vs</b></p><a name=\"role-vs\"> </a><a name=\"hcrole-vs\"> </a><p>Ce jeu de valeur (ValueSet) inclut les codes selon les règles suivantes :</p><ul><li>Inclut tous les codes définis dans <code>https://interop.esante.gouv.fr/terminologies/CodeSystem-TRE-R21-Fonction</code></li><li>Inclut tous les codes définis dans <code>https://interop.esante.gouv.fr/terminologies/CodeSystem-TRE-R96-AutreFonctionSanitaire</code></li><li>Inclut tous les codes définis dans <code>https://interop.esante.gouv.fr/terminologies/CodeSystem-TRE-R85-RolePriseCharge</code></li></ul></div>"
  },
  "url" : "https://interop.esante.gouv.fr/ig/fhir/mos/ValueSet/role-vs",
  "version" : "0.1.0",
  "name" : "RoleVs",
  "status" : "draft",
  "date" : "2025-07-24T13:39:58+00:00",
  "publisher" : "Agence du Numérique en Santé (ANS) - 2-10 Rue d'Oradour-sur-Glane, 75015 Paris",
  "contact" : [{
    "name" : "Agence du Numérique en Santé (ANS) - 2-10 Rue d'Oradour-sur-Glane, 75015 Paris",
    "telecom" : [{
      "system" : "url",
      "value" : "https://esante.gouv.fr"
    }]
  }],
  "jurisdiction" : [{
    "coding" : [{
      "system" : "urn:iso:std:iso:3166",
      "code" : "FR",
      "display" : "FRANCE"
    }]
  }],
  "compose" : {
    "include" : [{
      "system" : "https://interop.esante.gouv.fr/terminologies/CodeSystem-TRE-R21-Fonction"
    },
    {
      "system" : "https://interop.esante.gouv.fr/terminologies/CodeSystem-TRE-R96-AutreFonctionSanitaire"
    },
    {
      "system" : "https://interop.esante.gouv.fr/terminologies/CodeSystem-TRE-R85-RolePriseCharge"
    }]
  }
}